{
    "major_radius": [
        3.0214162909239533,
        3.217789351940155,
        3.4131854325532913,
        3.6085815131664276,
        3.803977593779564,
        3.9993736743927
    ],
    "aspect_ratio": [
        1.799398337337624,
        1.93890737501175,
        2.0777223378715766,
        2.2165373007314035,
        2.3553522635912305,
        2.494167226451057
    ],
    "effective_ion_charge": [
        1.198815596068721,
        1.4597460421017125,
        1.7193783267116545,
        1.9790106113215962,
        2.2386428959315383,
        2.49827518054148
    ],
    "toroidal_field_on_plasma": [
        4.055514760131351,
        4.44592294798058,
        4.834388806537026,
        5.2228546650934735,
        5.61132052364992,
        5.999786382206366
    ],
    "CAPITAL_COST_2021_PRICES_million_USD": [
        3639.72,
        4482.91,
        4727.817142857142,
        4920.272857142857,
        5109.057142857143,
        5280.814285714286,
        5472.177142857143,
        6770.78
    ]
}