{
    "major_radius": [
        3.0223932713270187,
        3.6229635954834523,
        3.780783032020554,
        3.9033475399017337,
        3.955783784389496,
        3.9993736743927
    ],
    "aspect_ratio": [
        1.8000924121519233,
        1.83410967776829,
        1.905657625174017,
        1.968555896448012,
        2.040682438378034,
        2.494167226451057
    ],
    "effective_ion_charge": [
        1.2001137574917706,
        1.3273127740753647,
        1.4883073913755438,
        1.6887784175835328,
        2.0094861456430873,
        2.49827518054148
    ],
    "toroidal_field_on_plasma": [
        4.057457089424133,
        5.013858049409464,
        5.245773300528526,
        5.60148761048913,
        5.784079707193451,
        5.999786382206366
    ],
    "CAPITAL_COST_2021_PRICES_million_USD": [
        3639.72,
        4789.37,
        5215.8133333333335,
        6770.78
    ]
}