{
    "force": [
        9.799675420108967,
        9.933150526854826,
        10.066226405963361,
        10.199302285071894
    ],
    "mass": [
        4.7998717309691745,
        4.93336426767322,
        5.066457524606466,
        5.199550781539711
    ],
    "acceleration": [
        1.89520430376044,
        1.972363827504362,
        2.027332949892944,
        2.1180290428375645
    ]
}