{
  "bbn_nodes": {
    "5": {
      "probs": [
        0.3334340991535671,
        0.33313180169286577,
        0.3334340991535671
      ],
      "variable": {
        "id": 5,
        "name": "CAPITAL_COST_2021_PRICES_million_USD",
        "values": [
          "1",
          "2",
          "3"
        ]
      }
    },
    "6": {
      "probs": [
        0.5067996373526745,
        0.3272892112420671,
        0.10244786944696284,
        0.044424297370806894,
        0.01903898458748867,
        0.09255898366606169,
        0.21597096188747728,
        0.3212341197822141,
        0.2568058076225045,
        0.11343012704174227,
        0.0009066183136899365,
        0.05621033544877607,
        0.17679057116953764,
        0.34632819582955576,
        0.4197642792384407
      ],
      "variable": {
        "id": 6,
        "name": "major_radius",
        "values": [
          "1",
          "2",
          "3",
          "4",
          "5"
        ]
      }
    },
    "7": {
      "probs": [
        0.03173164097914778,
        0.09338168631006348,
        0.17679057116953764,
        0.2846781504986401,
        0.41341795104261114,
        0.2014519056261343,
        0.1533575317604356,
        0.23956442831215974,
        0.26315789473684215,
        0.14246823956442833,
        0.39437896645512244,
        0.32547597461468725,
        0.21668177697189486,
        0.05621033544877607,
        0.007252946509519492
      ],
      "variable": {
        "id": 7,
        "name": "aspect_ratio",
        "values": [
          "1",
          "2",
          "3",
          "4",
          "5"
        ]
      }
    },
    "8": {
      "probs": [
        0.19945602901178605,
        0.18495013599274707,
        0.20036264732547598,
        0.1532184950135993,
        0.2620126926563917,
        0.17785843920145192,
        0.23139745916515425,
        0.18874773139745915,
        0.2150635208711434,
        0.1869328493647913,
        0.22665457842248415,
        0.19492293744333639,
        0.20398912058023574,
        0.2230281051677244,
        0.1514052583862194
      ],
      "variable": {
        "id": 8,
        "name": "effective_ion_charge",
        "values": [
          "1",
          "2",
          "3",
          "4",
          "5"
        ]
      }
    },
    "9": {
      "probs": [
        0.1786038077969175,
        0.15865820489573892,
        0.19673617407071622,
        0.21486854034451497,
        0.25113327289211246,
        0.21143375680580762,
        0.2087114337568058,
        0.18148820326678766,
        0.20417422867513613,
        0.1941923774954628,
        0.25385312783318226,
        0.20670897552130557,
        0.2375339981867634,
        0.14687216681776974,
        0.15503173164097916
      ],
      "variable": {
        "id": 9,
        "name": "toroidal_field_on_plasma",
        "values": [
          "1",
          "2",
          "3",
          "4",
          "5"
        ]
      }
    }
  },
  "jt": {
    "edges": [
      "5-6-5-5-7",
      "5-6-5-5-8",
      "5-6-5-5-9"
    ],
    "nodes": {
      "5-6": {
        "node_ids": [
          5,
          6
        ],
        "type": "clique"
      },
      "5-6-5-5-7": {
        "left": "5-6",
        "right": "5-7",
        "type": "sepset"
      },
      "5-6-5-5-8": {
        "left": "5-6",
        "right": "5-8",
        "type": "sepset"
      },
      "5-6-5-5-9": {
        "left": "5-6",
        "right": "5-9",
        "type": "sepset"
      },
      "5-7": {
        "node_ids": [
          5,
          7
        ],
        "type": "clique"
      },
      "5-8": {
        "node_ids": [
          8,
          5
        ],
        "type": "clique"
      },
      "5-9": {
        "node_ids": [
          9,
          5
        ],
        "type": "clique"
      }
    },
    "parent_info": {
      "6": [
        5
      ],
      "7": [
        5
      ],
      "8": [
        5
      ],
      "9": [
        5
      ]
    }
  }
}