{
  "bbn_nodes": {
    "8": {
      "probs": [
        0.18159408381265407,
        0.2029580936729663,
        0.19474116680361545,
        0.22267871815940837,
        0.1980279375513558,
        0.23577906018136852,
        0.17642209398186318,
        0.18961253091508656,
        0.18796372629843366,
        0.21022258862324816,
        0.18338815789473684,
        0.19490131578947364,
        0.21217105263157893,
        0.21052631578947364,
        0.1990131578947368,
        0.1771004942339374,
        0.1968698517298188,
        0.23887973640856675,
        0.2084019769357496,
        0.17874794069192754,
        0.19341563786008228,
        0.205761316872428,
        0.19423868312757203,
        0.1925925925925926,
        0.21399176954732513,
        0.2240527182866557,
        0.199341021416804,
        0.17710049423393742,
        0.19686985172981883,
        0.20263591433278422,
        0.2205761316872428,
        0.23868312757201646,
        0.2156378600823045,
        0.15720164609053497,
        0.16790123456790124,
        0.17613168724279837,
        0.1728395061728395,
        0.20658436213991768,
        0.2222222222222222,
        0.2222222222222222
      ],
      "variable": {
        "id": 8,
        "name": "fdene",
        "values": [
          "1",
          "2",
          "3",
          "4",
          "5"
        ]
      }
    },
    "9": {
      "probs": [
        0.18816762530813477,
        0.21939194741166806,
        0.18898931799506985,
        0.2037797863599014,
        0.199671322925226,
        0.2225886232481451,
        0.2110469909315746,
        0.2333058532563891,
        0.1821929101401484,
        0.1508656224237428,
        0.1899671052631579,
        0.19654605263157898,
        0.18009868421052633,
        0.22532894736842107,
        0.20805921052631582,
        0.19522240527182866,
        0.19522240527182866,
        0.21911037891268534,
        0.2084019769357496,
        0.18204283360790774,
        0.24115226337448561,
        0.18106995884773663,
        0.2049382716049383,
        0.19999999999999998,
        0.1728395061728395,
        0.2026359143327842,
        0.17462932454695224,
        0.2660626029654037,
        0.15238879736408567,
        0.2042833607907743,
        0.17695473251028807,
        0.23127572016460904,
        0.151440329218107,
        0.24032921810699587,
        0.19999999999999998,
        0.1925925925925926,
        0.22139917695473252,
        0.17448559670781894,
        0.2222222222222222,
        0.18930041152263374
      ],
      "variable": {
        "id": 9,
        "name": "fimp14",
        "values": [
          "1",
          "2",
          "3",
          "4",
          "5"
        ]
      }
    },
    "10": {
      "probs": [
        0.23336072308956451,
        0.20131470829909615,
        0.21117502054231715,
        0.1626951520131471,
        0.1914543960558751,
        0.20362737015663646,
        0.169002473206925,
        0.19043693322341304,
        0.21681780708985987,
        0.2201154163231657,
        0.18750000000000003,
        0.1825657894736842,
        0.19243421052631582,
        0.2212171052631579,
        0.21628289473684215,
        0.1812191103789127,
        0.21663920922570018,
        0.20345963756177926,
        0.1968698517298188,
        0.20181219110378915,
        0.2,
        0.2032921810699589,
        0.21234567901234572,
        0.19588477366255147,
        0.18847736625514405,
        0.18945634266886327,
        0.18863261943986823,
        0.19686985172981883,
        0.23146622734761121,
        0.19357495881383857,
        0.19506172839506172,
        0.21152263374485594,
        0.2123456790123457,
        0.18271604938271604,
        0.1983539094650206,
        0.17448559670781894,
        0.19094650205761315,
        0.2024691358024691,
        0.19670781893004116,
        0.2353909465020576
      ],
      "variable": {
        "id": 10,
        "name": "pseprmax",
        "values": [
          "1",
          "2",
          "3",
          "4",
          "5"
        ]
      }
    },
    "11": {
      "probs": [
        0.20131470829909615,
        0.1922760887428102,
        0.20542317173377156,
        0.19556285949055052,
        0.20542317173377156,
        0.2044517724649629,
        0.1821929101401484,
        0.17807089859851608,
        0.19538334707337182,
        0.23990107172300082,
        0.2105263157894737,
        0.20065789473684215,
        0.18750000000000003,
        0.1916118421052632,
        0.20970394736842107,
        0.19439868204283361,
        0.21663920922570018,
        0.19522240527182866,
        0.16886326194398682,
        0.22487644151565073,
        0.2090534979423868,
        0.2205761316872428,
        0.19341563786008228,
        0.2123456790123457,
        0.1646090534979424,
        0.19934102141680396,
        0.17051070840197693,
        0.20593080724876442,
        0.24217462932454695,
        0.18204283360790774,
        0.2123456790123457,
        0.17695473251028807,
        0.21646090534979426,
        0.24526748971193416,
        0.14897119341563786,
        0.18436213991769548,
        0.21646090534979429,
        0.2,
        0.1563786008230453,
        0.24279835390946505
      ],
      "variable": {
        "id": 11,
        "name": "feffcd",
        "values": [
          "1",
          "2",
          "3",
          "4",
          "5"
        ]
      }
    },
    "12": {
      "probs": [
        0.0,
        0.0,
        0.03697617091207888,
        0.3763352506162695,
        0.5866885784716516,
        0.0,
        0.12943116240725472,
        0.32646331409727947,
        0.38169826875515245,
        0.16240725474031326,
        0.09621710526315791,
        0.4276315789473685,
        0.2870065789473684,
        0.13075657894736845,
        0.05838815789473685,
        0.41927512355848434,
        0.3212520593080725,
        0.14085667215815487,
        0.044481054365733116,
        0.0741350906095552,
        0.4131687242798354,
        0.18436213991769548,
        0.19917695473251032,
        0.09300411522633746,
        0.11028806584362141,
        0.3023064250411862,
        0.2084019769357496,
        0.19851729818780892,
        0.1672158154859967,
        0.12355848434925865,
        0.19012345679012346,
        0.1786008230452675,
        0.21975308641975308,
        0.1925925925925926,
        0.2189300411522634,
        0.20411522633744855,
        0.17119341563786009,
        0.205761316872428,
        0.19588477366255144,
        0.22304526748971196
      ],
      "variable": {
        "id": 12,
        "name": "aspect",
        "values": [
          "1",
          "2",
          "3",
          "4",
          "5"
        ]
      }
    },
    "13": {
      "probs": [
        0.17091207888249796,
        0.19967132292522602,
        0.20377978635990143,
        0.20377978635990143,
        0.22185702547247332,
        0.20692497938994228,
        0.18136850783182196,
        0.21187139323990106,
        0.19208573784006597,
        0.2077493816982688,
        0.17680921052631582,
        0.1792763157894737,
        0.18009868421052633,
        0.2516447368421053,
        0.21217105263157898,
        0.16309719934102143,
        0.20345963756177926,
        0.2355848434925865,
        0.21252059308072488,
        0.185337726523888,
        0.14650205761316873,
        0.18189300411522633,
        0.17777777777777778,
        0.23950617283950618,
        0.254320987654321,
        0.20098846787479407,
        0.1499176276771005,
        0.19851729818780892,
        0.19934102141680396,
        0.25123558484349257,
        0.2,
        0.2534979423868313,
        0.20246913580246914,
        0.1563786008230453,
        0.18765432098765436,
        0.3242798353909465,
        0.23786008230452674,
        0.1983539094650206,
        0.14156378600823047,
        0.09794238683127572
      ],
      "variable": {
        "id": 13,
        "name": "boundu2",