{
  "bbn_nodes": {
    "5": {
      "probs": [
        0.06042296072507554,
        0.15558912386706952,
        0.46223564954682783,
        0.29456193353474325,
        0.027190332326283994,
        0.0,
        0.0015105740181268882,
        0.14350453172205438,
        0.554380664652568,
        0.30060422960725075,
        0.0,
        0.0,
        0.06202723146747352,
        0.35400907715582447,
        0.583963691376702,
        0.0,
        0.0,
        0.00302571860816944,
        0.19667170953101362,
        0.8003025718608169,
        0.0,
        0.0,
        0.0,
        0.03776435045317221,
        0.9622356495468278
      ],
      "variable": {
        "id": 5,
        "name": "major_radius",
        "values": [
          "1",
          "2",
          "3",
          "4",
          "5"
        ]
      }
    },
    "6": {
      "probs": [
        0.16314199395770393,
        0.42598187311178237,
        0.2900302114803625,
        0.07854984894259817,
        0.042296072507552865,
        0.26737160120845926,
        0.46525679758308164,
        0.20241691842900306,
        0.06495468277945621,
        0.0,
        0.44629349470499247,
        0.5052950075642966,
        0.04236006051437217,
        0.006051437216338881,
        0.0,
        0.7276853252647504,
        0.2708018154311649,
        0.00151285930408472,
        0.0,
        0.0,
        0.8489425981873112,
        0.15105740181268884,
        0.0,
        0.0,
        0.0
      ],
      "variable": {
        "id": 6,
        "name": "aspect_ratio",
        "values": [
          "1",
          "2",
          "3",
          "4",
          "5"
        ]
      }
    },
    "7": {
      "probs": [
        0.33987915407854985,
        0.27794561933534745,
        0.1027190332326284,
        0.13293051359516617,
        0.14652567975830816,
        0.3096676737160121,
        0.2809667673716012,
        0.1706948640483384,
        0.11933534743202416,
        0.11933534743202416,
        0.3237518910741301,
        0.291981845688351,
        0.18456883509833583,
        0.11043872919818457,
        0.08925869894099848,
        0.2965204236006051,
        0.3161875945537065,
        0.16036308623298035,
        0.1210287443267776,
        0.1059001512859304,
        0.39123867069486407,
        0.3293051359516616,
        0.15709969788519637,
        0.01661631419939577,
        0.10574018126888217
      ],
      "variable": {
        "id": 7,
        "name": "effective_ion_charge",
        "values": [
          "1",
          "2",
          "3",
          "4",
          "5"
        ]
      }
    },
    "8": {
      "probs": [
        0.030211480362537766,
        0.09516616314199397,
        0.18429003021148035,
        0.25528700906344415,
        0.43504531722054385,
        0.021148036253776436,
        0.09969788519637462,
        0.15861027190332327,
        0.270392749244713,
        0.4501510574018127,
        0.03328290468986384,
        0.09682299546142208,
        0.27382753403933435,
        0.2042360060514372,
        0.3918305597579425,
        0.018154311649016642,
        0.17700453857791223,
        0.28593040847201207,
        0.2405446293494705,
        0.2783661119515885,
        0.055891238670694864,
        0.09667673716012085,
        0.2749244712990937,
        0.283987915407855,
        0.28851963746223563
      ],
      "variable": {
        "id": 8,
        "name": "toroidal_field_on_plasma",
        "values": [
          "1",
          "2",
          "3",
          "4",
          "5"
        ]
      }
    },
    "9": {
      "probs": [
        0.20012091898428053,
        0.20012091898428053,
        0.1998186215235792,
        0.1998186215235792,
        0.20012091898428053
      ],
      "variable": {
        "id": 9,
        "name": "CAPITAL_COST_2021_PRICES_million_USD",
        "values": [
          "1",
          "2",
          "3",
          "4",
          "5"
        ]
      }
    }
  },
  "jt": {
    "edges": [
      "5-9-9-6-9",
      "5-9-9-7-9",
      "5-9-9-8-9"
    ],
    "nodes": {
      "5-9": {
        "node_ids": [
          9,
          5
        ],
        "type": "clique"
      },
      "5-9-9-6-9": {
        "left": "5-9",
        "right": "6-9",
        "type": "sepset"
      },
      "5-9-9-7-9": {
        "left": "5-9",
        "right": "7-9",
        "type": "sepset"
      },
      "5-9-9-8-9": {
        "left": "5-9",
        "right": "8-9",
        "type": "sepset"
      },
      "6-9": {
        "node_ids": [
          9,
          6
        ],
        "type": "clique"
      },
      "7-9": {
        "node_ids": [
          9,
          7
        ],
        "type": "clique"
      },
      "8-9": {
        "node_ids": [
          8,
          9
        ],
        "type": "clique"
      }
    },
    "parent_info": {
      "5": [
        9
      ],
      "6": [
        9
      ],
      "7": [
        9
      ],
      "8": [
        9
      ]
    }
  }
}