{
  "bbn_nodes": {
    "7": {
      "probs": [
        0.14379084967320263,
        0.06535947712418301,
        0.13725490196078433,
        0.16993464052287585,
        0.18300653594771243,
        0.13725490196078433,
        0.16339869281045755,
        0.12413793103448277,
        0.21379310344827587,
        0.15172413793103448,
        0.08275862068965517,
        0.08275862068965517,
        0.1724137931034483,
        0.1724137931034483,
        0.152317880794702,
        0.09933774834437085,
        0.09271523178807947,
        0.15894039735099338,
        0.16556291390728478,
        0.16556291390728478,
        0.16556291390728478,
        0.17218543046357618,
        0.152317880794702,
        0.05960264900662252,
        0.1390728476821192,
        0.1456953642384106,
        0.12582781456953643,
        0.2052980132450331,
        0.22875816993464054,
        0.16339869281045752,
        0.1830065359477124,
        0.10457516339869281,
        0.05882352941176471,
        0.11111111111111112,
        0.1503267973856209,
        0.14473684210526316,
        0.12500000000000003,
        0.15131578947368424,
        0.22368421052631582,
        0.19078947368421054,
        0.07236842105263158,
        0.09210526315789473,
        0.08024691358024692,
        0.14197530864197533,
        0.1728395061728395,
        0.1851851851851852,
        0.07407407407407408,
        0.22222222222222227,
        0.12345679012345678
      ],
      "variable": {
        "id": 7,
        "name": "fdene",
        "values": [
          "1",
          "2",
          "3",
          "4",
          "5",
          "6",
          "7"
        ]
      }
    },
    "8": {
      "probs": [
        0.13071895424836602,
        0.3202614379084968,
        0.05882352941176472,
        0.07189542483660132,
        0.16339869281045755,
        0.15032679738562094,
        0.10457516339869283,
        0.2206896551724138,
        0.034482758620689655,
        0.062068965517241385,
        0.11724137931034484,
        0.17931034482758623,
        0.20689655172413793,
        0.17931034482758623,
        0.15894039735099338,
        0.1986754966887417,
        0.05960264900662252,
        0.152317880794702,
        0.026490066225165563,
        0.12582781456953643,
        0.2781456953642384,
        0.12582781456953643,
        0.09271523178807947,
        0.1986754966887417,
        0.15894039735099338,
        0.09933774834437085,
        0.1456953642384106,
        0.17880794701986755,
        0.11111111111111112,
        0.026143790849673203,
        0.24183006535947715,
        0.1372549019607843,
        0.23529411764705885,
        0.16339869281045752,
        0.08496732026143791,
        0.14473684210526316,
        0.11842105263157897,
        0.2302631578947369,
        0.19078947368421056,
        0.07236842105263158,
        0.15131578947368424,
        0.09210526315789473,
        0.06172839506172839,
        0.2283950617283951,
        0.1728395061728395,
        0.1728395061728395,
        0.24691358024691357,
        0.04938271604938272,
        0.06790123456790123
      ],
      "variable": {
        "id": 8,
        "name": "fimp14",
        "values": [
          "1",
          "2",
          "3",
          "4",
          "5",
          "6",
          "7"
        ]
      }
    },
    "9": {
      "probs": [
        0.1895424836601307,
        0.22222222222222224,
        0.19607843137254902,
        0.1830065359477124,
        0.026143790849673203,
        0.0326797385620915,
        0.1503267973856209,
        0.11724137931034484,
        0.1103448275862069,
        0.13793103448275862,
        0.13793103448275862,
        0.16551724137931034,
        0.2,
        0.1310344827586207,
        0.12582781456953643,
        0.11258278145695365,
        0.1456953642384106,
        0.1390728476821192,
        0.12582781456953643,
        0.2317880794701987,
        0.11920529801324505,
        0.17880794701986755,
        0.16556291390728478,
        0.12582781456953643,
        0.1324503311258278,
        0.09933774834437085,
        0.11920529801324505,
        0.17880794701986755,
        0.1437908496732026,
        0.05228758169934641,
        0.1830065359477124,
        0.261437908496732,
        0.08496732026143791,
        0.11111111111111112,
        0.16339869281045752,
        0.2565789473684211,
        0.046052631578947366,
        0.23026315789473686,
        0.09210526315789473,
        0.09868421052631579,
        0.2105263157894737,
        0.06578947368421052,
        0.06790123456790123,
        0.1728395061728395,
        0.055555555555555566,
        0.13580246913580246,
        0.2716049382716049,
        0.12962962962962962,
        0.16666666666666666
      ],
      "variable": {
        "id": 9,
        "name": "pseprmax",
        "values": [
          "1",
          "2",
          "3",
          "4",
          "5",
          "6",
          "7"
        ]
      }
    },
    "10": {
      "probs": [
        0.16993464052287582,
        0.0915032679738562,
        0.23529411764705885,
        0.10457516339869281,
        0.11111111111111112,
        0.1372549019607843,
        0.1503267973856209,
        0.2206896551724138,
        0.17931034482758623,
        0.062068965517241385,
        0.15862068965517243,
        0.1724137931034483,
        0.07586206896551724,
        0.1310344827586207,
        0.12582781456953643,
        0.11258278145695365,
        0.17218543046357618,
        0.15894039735099338,
        0.1986754966887417,
        0.11258278145695365,
        0.11920529801324505,
        0.14569536423841062,
        0.13245033112582782,
        0.12582781456953646,
        0.12582781456953646,
        0.13907284768211922,
        0.11920529801324506,
        0.21192052980132453,
        0.11764705882352942,
        0.20915032679738563,
        0.23529411764705885,
        0.1764705882352941,
        0.0326797385620915,
        0.12418300653594773,
        0.10457516339869281,
        0.11842105263157894,
        0.11842105263157894,
        0.09868421052631578,
        0.1381578947368421,
        0.1381578947368421,
        0.24342105263157895,
        0.14473684210526314,
        0.1728395061728395,
        0.11728395061728397,
        0.11111111111111113,
        0.16049382716049385,
        0.13580246913580246,
        0.07407407407407408,
        0.2283950617283951
      ],
      "variable": {
        "id": 10,
        "name": "feffcd",
        "values": [
          "1",
          "2",
          "3",
          "4",
          "5",
          "6",
          "7"
        ]
      }
    },