{
    "major_radius": [
        3.022390104339591,
        3.1859761600021383,
        3.348586553304869,
        3.5111969466076003,
        3.6738073399103315,
        3.8364177332130627,
        3.9990281265157934
    ],
    "aspect_ratio": [
        1.800825558465764,
        1.9169132091282863,
        2.032308488116877,
        2.147703767105468,
        2.2630990460940588,
        2.3784943250826496,
        2.4938896040712404
    ],
    "effective_ion_charge": [
        1.1976475992120328,
        1.4154302174604938,
        1.6319139334132384,
        1.848397649365983,
        2.0648813653187275,
        2.2813650812714723,
        2.4978487972242167
    ],
    "toroidal_field_on_plasma": [
        4.059434845801739,
        4.384396069724032,
        4.707419155133864,
        5.030442240543697,
        5.35346532595353,
        5.676488411363362,
        5.999511496773195
    ],
    "capcost": [
        2663.18,
        3277.813333333333,
        3599.5633333333335,
        3878.55,
        4246.3533333333335,
        4684.221666666666,
        6537.86
    ]
}