{
    "force": [
        9.799675420108967,
        9.839997411478853,
        9.879920175211414,
        9.919842938943972,
        9.959765702676533,
        9.999688466409093,
        10.039611230141654,
        10.079533993874215,
        10.119456757606773,
        10.159379521339334,
        10.199302285071894
    ],
    "mass": [
        4.7998717309691745,
        4.8401989878199485,
        4.8801269648999215,
        4.920054941979895,
        4.959982919059869,
        4.999910896139843,
        5.039838873219816,
        5.07976685029979,
        5.119694827379764,
        5.159622804459737,
        5.199550781539711
    ],
    "acceleration": [
        1.89520430376044,
        1.9279488484746437,
        1.950796821012802,
        1.966756828566904,
        1.9815384438629386,
        2.000203161932204,
        2.016905465586112,
        2.0325094431844115,
        2.047367942185818,
        2.067272472219408,
        2.1180290428375645
    ]
}