{
    "force": [
        9.403440891485841,
        9.526182036896012,
        9.647707923440734,
        9.769233809985458,
        9.890759696530182,
        10.012285583074906,
        10.133811469619628,
        10.255337356164352,
        10.376863242709076,
        10.498389129253798,
        10.619915015798522
    ],
    "mass": [
        4.233846110911922,
        4.371287655755599,
        4.507368393224585,
        4.643449130693572,
        4.779529868162558,
        4.915610605631545,
        5.051691343100531,
        5.187772080569518,
        5.323852818038505,
        5.459933555507491,
        5.596014292976478
    ],
    "acceleration": [
        1.746588109866033,
        1.8946937037877865,
        1.9307277323203162,
        1.9554550318975692,
        1.9757192735694231,
        2.001978169070674,
        2.0201704507618365,
        2.0503856955760966,
        2.079862044939085,
        2.1211067491372346,
        2.365932771465189
    ]
}