{
    "major_radius": [
        3.0209168068306385,
        3.1440191025477815,
        3.2661443959179635,
        3.388269689288145,
        3.510394982658327,
        3.6325202760285085,
        3.75464556939869,
        3.876770862768872,
        3.9988961561390535
    ],
    "aspect_ratio": [
        1.7990434895553913,
        1.8864988804430314,
        1.973260180926801,
        2.060021481410571,
        2.146782781894341,
        2.2335440823781108,
        2.3203053828618803,
        2.40706668334565,
        2.49382798382942
    ],
    "effective_ion_charge": [
        1.1981519072379796,
        1.3617239204404892,
        1.5239977430620262,
        1.6862715656835634,
        1.8485453883051006,
        2.0108192109266376,
        2.1730930335481746,
        2.3353668561697116,
        2.497640678791249
    ],
    "toroidal_field_on_plasma": [
        4.054521738589998,
        4.299260726424203,
        4.542057341339088,
        4.784853956253974,
        5.027650571168859,
        5.270447186083745,
        5.513243800998629,
        5.756040415913515,
        5.9988370308284
    ],
    "capcost": [
        3427.12,
        4328.31125,
        4902.82,
        5171.32,
        5374.3150000000005,
        5567.76625,
        5763.3625,
        6038.94625,
        8448.38
    ],
    "high_grade_wasteheat": [
        89.0,
        216.0,
        261.0,
        305.0,
        454.0,
        515.0,
        561.0,
        613.0,
        769.0
    ],
    "net_electrical_output": [
        -536.0,
        -189.0,
        -58.0,
        -17.0,
        3.0,
        30.0,
        58.0,
        78.0,
        140.0
    ]
}