{
    "force": [
        5.994722585305531,
        6.857611529845415,
        7.714502239418289,
        8.571392948991164,
        9.428283658564037,
        10.285174368136913,
        11.142065077709788,
        11.99895578728266
    ],
    "mass": [
        5.9956038504536,
        6.858318569859421,
        7.715036265396482,
        8.571753960933544,
        9.428471656470606,
        10.285189352007666,
        11.141907047544727,
        11.99862474308179
    ],
    "acceleration": [
        0.5104866762224716,
        0.7257283027923506,
        0.8495917667666444,
        0.9532084157869338,
        1.0532714077449676,
        1.1876128692925818,
        1.3766599035191518,
        1.9720665777921995
    ]
}