{
    "major_radius": [
        3.022390104339591,
        3.2184982386626846,
        3.4136307106259616,
        3.608763182589239,
        3.803895654552516,
        3.9990281265157934
    ],
    "aspect_ratio": [
        1.800825558465764,
        1.9399922649260044,
        2.0784665997123133,
        2.2169409344986226,
        2.3554152692849315,
        2.4938896040712404
    ],
    "effective_ion_charge": [
        1.1976475992120328,
        1.4587269606510427,
        1.7185074197943362,
        1.9782878789376297,
        2.2380683380809234,
        2.4978487972242167
    ],
    "toroidal_field_on_plasma": [
        4.059434845801739,
        4.449000686805998,
        4.836628389297797,
        5.224256091789597,
        5.611883794281396,
        5.999511496773195
    ],
    "capcost": [
        2663.18,
        3344.804,
        3712.0420000000004,
        4080.3340000000003,
        4588.776,
        6537.86
    ],
    "Q_engineering": [
        1.0,
        1.3600000000000023,
        1.6,
        1.8,
        2.0,
        2.5
    ],
    "high_grade_wasteheat": [
        316.0,
        515.8000000000001,
        694.2,
        902.0,
        1214.2000000000003,
        2545.0
    ],
    "net_electrical_output": [
        0.0,
        43.0,
        84.0,
        130.0,
        199.4000000000001,
        498.0
    ]
}