{
    "major_radius": [
        3.0209168068306385,
        3.2172942785698906,
        3.412694747962181,
        3.608095217354472,
        3.803495686746763,
        3.9988961561390535
    ],
    "aspect_ratio": [
        1.7990434895553913,
        1.9385556607332932,
        2.077373741507325,
        2.2161918222813566,
        2.3550099030553886,
        2.49382798382942
    ],
    "effective_ion_charge": [
        1.1981519072379796,
        1.4590882140134114,
        1.7187263302078708,
        1.9783644464023302,
        2.2380025625967894,
        2.497640678791249
    ],
    "toroidal_field_on_plasma": [
        4.054521738589998,
        4.444938695373134,
        4.83341327923695,
        5.221887863100767,
        5.610362446964584,
        5.9988370308284
    ],
    "capcost": [
        3427.12,
        4420.057142857143,
        4992.854285714286,
        5262.772857142857,
        5486.547142857143,
        5704.228571428572,
        5981.674285714285,
        8448.38
    ],
    "high_grade_wasteheat": [
        89.0,
        222.0,
        274.0,
        376.0,
        492.0,
        547.0,
        604.2857142857138,
        769.0
    ],
    "net_electrical_output": [
        -536.0,
        -168.28571428571445,
        -43.0,
        -8.0,
        15.0,
        51.0,
        76.0,
        140.0
    ]
}