{
    "major_radius": [
        3.0209168068306385,
        3.1614655730292363,
        3.3010373368808725,
        3.440609100732509,
        3.580180864584145,
        3.7197526284357814,
        3.859324392287417,
        3.9988961561390535
    ],
    "aspect_ratio": [
        1.7990434895553913,
        1.8988933519407127,
        1.9980491239221638,
        2.097204895903615,
        2.1963606678850662,
        2.2955164398665175,
        2.394672211847969,
        2.49382798382942
    ],
    "effective_ion_charge": [
        1.1981519072379796,
        1.3849058951007087,
        1.5703616923824655,
        1.755817489664222,
        1.9412732869459788,
        2.1267290842277355,
        2.3121848815094923,
        2.497640678791249
    ],
    "toroidal_field_on_plasma": [
        4.054521738589998,
        4.333945957126329,
        4.611427802743341,
        4.888909648360353,
        5.166391493977365,
        5.443873339594377,
        5.721355185211388,
        5.9988370308284
    ],
    "capcost": [
        3427.12,
        4710.084,
        5214.201999999999,
        5527.512,
        5854.936,
        8448.38
    ],
    "high_grade_wasteheat": [
        89.0,
        243.0,
        323.0,
        505.0,
        581.0,
        769.0
    ],
    "net_electrical_output": [
        -536.0,
        -94.0,
        -12.0,
        22.0,
        66.0,
        140.0
    ],
    "Q_engineering": [
        0.2,
        0.5,
        0.9,
        1.1,
        1.4,
        1.9
    ]
}