{
    "major_radius": [
        3.022390104339591,
        3.162746103816034,
        3.3021264409326605,
        3.441506778049287,
        3.580887115165914,
        3.72026745228254,
        3.8596477893991668,
        3.9990281265157934
    ],
    "aspect_ratio": [
        1.800825558465764,
        1.9004281692727734,
        1.9993384084058512,
        2.098248647538929,
        2.197158886672007,
        2.2960691258050847,
        2.3949793649381625,
        2.4938896040712404
    ],
    "effective_ion_charge": [
        1.1976475992120328,
        1.3845039723243875,
        1.5700614431410256,
        1.755618913957664,
        1.9411763847743022,
        2.12673385559094,
        2.3122913264075784,
        2.4978487972242167
    ],
    "toroidal_field_on_plasma": [
        4.059434845801739,
        4.338249914665484,
        4.615126845016769,
        4.892003775368054,
        5.1688807057193396,
        5.445757636070624,
        5.72263456642191,
        5.999511496773195
    ],
    "capcost": [
        2663.18,
        3226.657142857143,
        3506.615714285714,
        3750.764285714286,
        4022.677142857143,
        4357.3271428571425,
        4779.615714285715,
        6537.86
    ],
    "net_electrical_output": [
        0.0,
        31.0,
        59.28571428571428,
        91.0,
        123.57142857142856,
        166.0,
        231.8571428571429,
        498.0
    ],
    "high_grade_wasteheat": [
        316.0,
        462.0,
        588.0,
        723.0,
        868.7142857142857,
        1064.0,
        1362.5714285714287,
        2545.0
    ]
}