{
    "force": [
        5.996361686419164,
        6.601992003881564,
        7.201625981567108,
        7.801259959252654,
        8.4008939369382,
        9.000527914623744,
        9.60016189230929,
        10.199795869994833,
        10.79942984768038,
        11.399063825365925,
        11.998697803051469
    ],
    "mass": [
        6.009218831519602,
        6.610103350551487,
        7.205038517909788,
        7.799973685268089,
        8.39490885262639,
        8.989844019984693,
        9.584779187342994,
        10.179714354701296,
        10.774649522059597,
        11.369584689417898,
        11.9645198567762
    ],
    "acceleration": [
        0.5140074108385172,
        0.6734740151729284,
        0.7765281130898196,
        0.8548327155123531,
        0.9227465812864745,
        0.9917166757291171,
        1.0529374979870543,
        1.1471709365865608,
        1.2639263427589598,
        1.4424033549155673,
        1.939110094562507
    ]
}