{
    "force": [
        6.002687868202112,
        6.75701113375004,
        7.505347706714254,
        8.253684279678469,
        9.002020852642683,
        9.750357425606897,
        10.498693998571111,
        11.247030571535326,
        11.99536714449954
    ],
    "mass": [
        5.99555808928867,
        6.751035272535587,
        7.500516605121813,
        8.249997937708041,
        8.999479270294268,
        9.748960602880494,
        10.498441935466722,
        11.247923268052947,
        11.997404600639175
    ],
    "acceleration": [
        0.5130557473639944,
        0.7166730451343563,
        0.81025282601124,
        0.9038093866333958,
        0.9875515656143169,
        1.0869737574351408,
        1.2227994211452073,
        1.4108412276348279,
        1.9768857141733716
    ]
}