{
    "major_radius": [
        3.022390104339591,
        3.2672813566535037,
        3.5111969466076003,
        3.755112536561697,
        3.9990281265157934
    ],
    "aspect_ratio": [
        1.800825558465764,
        1.9746108486225817,
        2.147703767105468,
        2.320796685588354,
        2.4938896040712404
    ],
    "effective_ion_charge": [
        1.1976475992120328,
        1.523672075436866,
        1.848397649365983,
        2.1731232232951,
        2.4978487972242167
    ],
    "toroidal_field_on_plasma": [
        4.059434845801739,
        4.545907612428948,
        5.030442240543697,
        5.5149768686584455,
        5.999511496773195
    ],
    "net_electrical_output": [
        0.0,
        52.0,
        106.0,
        178.0,
        498.0
    ],
    "capcost": [
        2663.18,
        3443.3599999999997,
        3878.55,
        4432.075,
        6537.86
    ],
    "high_grade_wasteheat": [
        316.0,
        553.0,
        793.0,
        1118.5,
        2545.0
    ],
    "Q_engineering": [
        1.0,
        1.4,
        1.7,
        2.0,
        2.5
    ]
}