{
  "bbn_nodes": {
    "7": {
      "probs": [
        0.13559322033898308,
        0.19491525423728814,
        0.1864406779661017,
        0.06779661016949154,
        0.11864406779661017,
        0.1440677966101695,
        0.15254237288135594,
        0.11864406779661017,
        0.15254237288135594,
        0.09322033898305085,
        0.1440677966101695,
        0.13559322033898308,
        0.2033898305084746,
        0.15254237288135594,
        0.13675213675213677,
        0.1794871794871795,
        0.11965811965811965,
        0.14529914529914528,
        0.16239316239316237,
        0.07692307692307693,
        0.1794871794871795,
        0.14150943396226415,
        0.08490566037735849,
        0.27358490566037735,
        0.12264150943396228,
        0.09433962264150943,
        0.1320754716981132,
        0.15094339622641512,
        0.21367521367521367,
        0.1282051282051282,
        0.11111111111111112,
        0.14529914529914528,
        0.16239316239316237,
        0.1282051282051282,
        0.11111111111111112,
        0.09734513274336283,
        0.08849557522123894,
        0.10619469026548672,
        0.15044247787610618,
        0.17699115044247787,
        0.20353982300884954,
        0.17699115044247787,
        0.03883495145631068,
        0.10679611650485436,
        0.15533980582524273,
        0.11650485436893204,
        0.2524271844660194,
        0.15533980582524273,
        0.17475728155339806
      ],
      "variable": {
        "id": 7,
        "name": "major_radius",
        "values": [
          "1",
          "2",
          "3",
          "4",
          "5",
          "6",
          "7"
        ]
      }
    },
    "8": {
      "probs": [
        0.025423728813559324,
        0.025423728813559324,
        0.07627118644067797,
        0.12711864406779663,
        0.23728813559322035,
        0.27118644067796616,
        0.23728813559322035,
        0.016949152542372885,
        0.08474576271186442,
        0.08474576271186442,
        0.15254237288135594,
        0.31355932203389836,
        0.17796610169491528,
        0.16949152542372883,
        0.059829059829059825,
        0.08547008547008546,
        0.15384615384615385,
        0.1794871794871795,
        0.20512820512820512,
        0.17094017094017092,
        0.14529914529914528,
        0.14150943396226418,
        0.169811320754717,
        0.12264150943396229,
        0.169811320754717,
        0.17924528301886794,
        0.12264150943396229,
        0.09433962264150944,
        0.14529914529914528,
        0.20512820512820512,
        0.26495726495726496,
        0.11111111111111112,
        0.11965811965811965,
        0.06837606837606838,
        0.08547008547008546,
        0.20353982300884954,
        0.19469026548672566,
        0.18584070796460178,
        0.1592920353982301,
        0.11504424778761063,
        0.07964601769911504,
        0.061946902654867256,
        0.3398058252427185,
        0.36893203883495146,
        0.15533980582524276,
        0.0679611650485437,
        0.03883495145631069,
        0.009708737864077673,
        0.019417475728155345
      ],
      "variable": {
        "id": 8,
        "name": "aspect_ratio",
        "values": [
          "1",
          "2",
          "3",
          "4",
          "5",
          "6",
          "7"
        ]
      }
    },
    "9": {
      "probs": [
        0.2033898305084746,
        0.13559322033898308,
        0.1440677966101695,
        0.12711864406779663,
        0.17796610169491528,
        0.09322033898305085,
        0.11864406779661017,
        0.19491525423728814,
        0.1440677966101695,
        0.09322033898305085,
        0.1016949152542373,
        0.2203389830508475,
        0.1610169491525424,
        0.08474576271186442,
        0.1794871794871795,
        0.11111111111111112,
        0.11111111111111112,
        0.13675213675213677,
        0.1794871794871795,
        0.11965811965811965,
        0.16239316239316237,
        0.18867924528301888,
        0.18867924528301888,
        0.16037735849056606,
        0.06603773584905662,
        0.09433962264150944,
        0.13207547169811323,
        0.169811320754717,
        0.18803418803418803,
        0.15384615384615388,
        0.08547008547008547,
        0.07692307692307694,
        0.1452991452991453,
        0.11965811965811966,
        0.23076923076923075,
        0.23008849557522126,
        0.13274336283185842,
        0.16814159292035397,
        0.1415929203539823,
        0.12389380530973451,
        0.08849557522123894,
        0.11504424778761063,
        0.1941747572815534,
        0.1262135922330097,
        0.13592233009708737,
        0.11650485436893204,
        0.21359223300970873,
        0.11650485436893204,
        0.0970873786407767
      ],
      "variable": {
        "id": 9,
        "name": "effective_ion_charge",
        "values": [
          "1",
          "2",
          "3",
          "4",
          "5",
          "6",
          "7"
        ]
      }
    },
    "10": {
      "probs": [
        0.31355932203389836,
        0.23728813559322035,
        0.16949152542372883,
        0.1016949152542373,
        0.06779661016949154,
        0.05084745762711865,
        0.059322033898305086,
        0.1271186440677966,
        0.3135593220338983,
        0.13559322033898305,
        0.07627118644067796,
        0.06779661016949153,
        0.13559322033898305,
        0.14406779661016947,
        0.07692307692307693,
        0.1794871794871795,
        0.22222222222222224,
        0.13675213675213677,
        0.1282051282051282,
        0.15384615384615385,
        0.10256410256410256,
        0.1320754716981132,
        0.11320754716981132,
        0.14150943396226415,
        0.10377358490566037,
        0.19811320754716982,
        0.07547169811320756,
        0.2358490566037736,
        0.042735042735042736,
        0.07692307692307694,
        0.12820512820512822,
        0.1623931623931624,
        0.15384615384615388,
        0.1452991452991453,
        0.2905982905982906,
        0.061946902654867256,
        0.13274336283185842,
        0.13274336283185842,
        0.1592920353982301,
        0.1592920353982301,
        0.15044247787610618,
        0.20353982300884954,
        0.05825242718446603,
        0.15533980582524276,
        0.1359223300970874,
        0.1359223300970874,
        0.18446601941747573,
        0.12621359223300974,
        0.2038834951456311
      ],
      "variable": {
        "id": 10,
        "name": "toroidal_field_on_plasma",
        "values": [
          "1",
          "2",
          "3",
          "4",
          "5",
          "6",
          "7"
        ]
      }
    },
    "11": {
      "probs": [
        0.14898989898989898,
        0.14898989898989898,
        0.14772727272727273,
        0.13383838383838384,
        0.14772727272727273,
        0.14267676767676768,
        0.13005050505050506
      ],
      "variable": {
        "id": 11,
        "name": "net_electrical_output",
        "values": [
          "1",
          "2",
          "3",
          "4",
          "5",
          "6",
          "7"
        ]
      }
    }
  },
  "jt": {
    "edges": [
      "7-11-11-10-11",
      "7-11-11-8-11",
      "7-11-11-9-11"
    ],
    "nodes": {
      "10-11": {
        "node_ids": [
          10,
          11
        ],
        "type": "clique"
      },
      "7-11": {
        "node_ids": [
          11,
          7
        ],
        "type": "clique"
      },
      "7-11-11-10-11": {
        "left": "7-11",
        "right": "10-11",
        "type": "sepset"
      },
      "7-11-11-8-11": {
        "left": "7-11",
        "right": "8-11",
        "type": "sepset"
      },
      "7-11-11-9-11": {
        "left": "7-11",
        "right": "9-11",
        "type": "sepset"
      },
      "8-11": {
        "node_ids": [
          8,
          11
        ],
        "type": "clique"
      },