{
  "bbn_nodes": {
    "6": {
      "probs": [
        0.2803030303030303,
        0.29166666666666663,
        0.17424242424242423,
        0.10227272727272724,
        0.09848484848484847,
        0.05303030303030302,
        0.2196969696969697,
        0.16666666666666666,
        0.1325757575757576,
        0.19318181818181818,
        0.17803030303030304,
        0.10984848484848485,
        0.14393939393939395,
        0.125,
        0.21212121212121213,
        0.14772727272727273,
        0.20075757575757577,
        0.17045454545454547,
        0.14772727272727273,
        0.196969696969697,
        0.17045454545454547,
        0.16666666666666666,
        0.12878787878787878,
        0.18939393939393942,
        0.09090909090909091,
        0.13636363636363638,
        0.17424242424242425,
        0.18939393939393942,
        0.20833333333333334,
        0.20075757575757577,
        0.06439393939393939,
        0.0984848484848485,
        0.13636363636363638,
        0.20075757575757577,
        0.2689393939393939,
        0.23106060606060605
      ],
      "variable": {
        "id": 6,
        "name": "major_radius",
        "values": [
          "1",
          "2",
          "3",
          "4",
          "5",
          "6"
        ]
      }
    },
    "7": {
      "probs": [
        0.022727272727272724,
        0.03409090909090909,
        0.12499999999999997,
        0.2424242424242424,
        0.29166666666666663,
        0.28409090909090906,
        0.04924242424242425,
        0.08712121212121213,
        0.18560606060606064,
        0.24621212121212122,
        0.25757575757575757,
        0.17424242424242425,
        0.07196969696969698,
        0.21212121212121213,
        0.196969696969697,
        0.196969696969697,
        0.14772727272727273,
        0.17424242424242425,
        0.1553030303030303,
        0.21212121212121213,
        0.2196969696969697,
        0.18560606060606064,
        0.12121212121212123,
        0.10606060606060606,
        0.29924242424242425,
        0.23484848484848486,
        0.1628787878787879,
        0.14015151515151517,
        0.09469696969696971,
        0.06818181818181819,
        0.41666666666666674,
        0.31060606060606066,
        0.15151515151515155,
        0.05303030303030304,
        0.04166666666666667,
        0.02651515151515152
      ],
      "variable": {
        "id": 7,
        "name": "aspect_ratio",
        "values": [
          "1",
          "2",
          "3",
          "4",
          "5",
          "6"
        ]
      }
    },
    "8": {
      "probs": [
        0.21590909090909094,
        0.13636363636363638,
        0.1628787878787879,
        0.196969696969697,
        0.13636363636363638,
        0.15151515151515152,
        0.16666666666666666,
        0.17803030303030304,
        0.11742424242424243,
        0.16666666666666666,
        0.20833333333333334,
        0.1628787878787879,
        0.18939393939393942,
        0.1628787878787879,
        0.14772727272727273,
        0.18181818181818182,
        0.1628787878787879,
        0.1553030303030303,
        0.2196969696969697,
        0.1325757575757576,
        0.125,
        0.14015151515151517,
        0.14772727272727273,
        0.23484848484848486,
        0.178030303030303,
        0.2386363636363636,
        0.1515151515151515,
        0.178030303030303,
        0.10606060606060604,
        0.1477272727272727,
        0.25,
        0.1628787878787879,
        0.1628787878787879,
        0.15151515151515152,
        0.17424242424242425,
        0.0984848484848485
      ],
      "variable": {
        "id": 8,
        "name": "effective_ion_charge",
        "values": [
          "1",
          "2",
          "3",
          "4",
          "5",
          "6"
        ]
      }
    },
    "9": {
      "probs": [
        0.3446969696969697,
        0.2878787878787879,
        0.18560606060606064,
        0.0984848484848485,
        0.04924242424242425,
        0.034090909090909095,
        0.1856060606060606,
        0.21590909090909088,
        0.1818181818181818,
        0.15530303030303028,
        0.12878787878787876,
        0.13257575757575757,
        0.14393939393939392,
        0.21590909090909088,
        0.1477272727272727,
        0.1856060606060606,
        0.17045454545454544,
        0.13636363636363635,
        0.07196969696969698,
        0.1325757575757576,
        0.12878787878787878,
        0.23106060606060605,
        0.23484848484848486,
        0.20075757575757577,
        0.08333333333333331,
        0.13636363636363635,
        0.16287878787878787,
        0.15530303030303028,
        0.19696969696969693,
        0.26515151515151514,
        0.06818181818181818,
        0.1212121212121212,
        0.11363636363636362,
        0.18939393939393936,
        0.22348484848484843,
        0.28409090909090906
      ],
      "variable": {
        "id": 9,
        "name": "toroidal_field_on_plasma",
        "values": [
          "1",
          "2",
          "3",
          "4",
          "5",
          "6"
        ]
      }
    },
    "10": {
      "probs": [
        0.16666666666666666,
        0.16666666666666666,
        0.16666666666666666,
        0.16666666666666666,
        0.16666666666666666,
        0.16666666666666666
      ],
      "variable": {
        "id": 10,
        "name": "capcost",
        "values": [
          "1",
          "2",
          "3",
          "4",
          "5",
          "6"
        ]
      }
    }
  },
  "jt": {
    "edges": [
      "6-10-10-7-10",
      "6-10-10-8-10",
      "6-10-10-9-10"
    ],
    "nodes": {
      "6-10": {
        "node_ids": [
          10,
          6
        ],
        "type": "clique"
      },
      "6-10-10-7-10": {
        "left": "6-10",
        "right": "7-10",
        "type": "sepset"
      },
      "6-10-10-8-10": {
        "left": "6-10",
        "right": "8-10",
        "type": "sepset"
      },
      "6-10-10-9-10": {
        "left": "6-10",
        "right": "9-10",
        "type": "sepset"
      },
      "7-10": {
        "node_ids": [
          10,
          7
        ],
        "type": "clique"
      },
      "8-10": {
        "node_ids": [
          8,
          10
        ],
        "type": "clique"
      },
      "9-10": {
        "node_ids": [
          9,
          10
        ],
        "type": "clique"
      }
    },
    "parent_info": {
      "6": [
        10
      ],
      "7": [
        10
      ],
      "8": [
        10
      ],
      "9": [
        10
      ]
    }
  }
}