{
  "bbn_nodes": {
    "9": {
      "probs": [
        0.22959183673469388,
        0.2540816326530612,
        0.2683673469387755,
        0.2479591836734694,
        0.2861538461538462,
        0.20102564102564105,
        0.26974358974358975,
        0.24307692307692308,
        0.24226804123711343,
        0.3041237113402062,
        0.23402061855670103,
        0.2195876288659794,
        0.21457905544147846,
        0.24537987679671458,
        0.24229979466119098,
        0.297741273100616,
        0.24130663856691253,
        0.26132771338250793,
        0.2581664910432034,
        0.23919915700737618,
        0.2502522704339052,
        0.26538849646821394,
        0.23107971745711403,
        0.2532795156407669,
        0.24251805985552113,
        0.23116615067079463,
        0.2734778121775026,
        0.2528379772961816,
        0.2720664589823468,
        0.28660436137071654,
        0.21806853582554517,
        0.2232606438213915,
        0.21311475409836064,
        0.23463114754098358,
        0.28381147540983603,
        0.26844262295081966
      ],
      "variable": {
        "id": 9,
        "name": "fdene",
        "values": [
          "1",
          "2",
          "3",
          "4"
        ]
      }
    },
    "10": {
      "probs": [
        0.25816326530612244,
        0.23775510204081632,
        0.25918367346938775,
        0.2448979591836735,
        0.26564102564102565,
        0.277948717948718,
        0.26564102564102565,
        0.19076923076923077,
        0.23711340206185566,
        0.25463917525773194,
        0.26185567010309274,
        0.24639175257731957,
        0.2515400410677618,
        0.24537987679671458,
        0.2597535934291581,
        0.2433264887063655,
        0.23814541622760801,
        0.2644889357218124,
        0.2718651211801897,
        0.22550052687038988,
        0.27547931382441976,
        0.2522704339051463,
        0.2472250252270434,
        0.22502522704339054,
        0.25696594427244585,
        0.24251805985552116,
        0.2579979360165119,
        0.24251805985552116,
        0.22014537902388367,
        0.26791277258566976,
        0.23779854620976115,
        0.27414330218068533,
        0.2469262295081967,
        0.25,
        0.2540983606557377,
        0.24897540983606556
      ],
      "variable": {
        "id": 10,
        "name": "fimp14",
        "values": [
          "1",
          "2",
          "3",
          "4"
        ]
      }
    },
    "11": {
      "probs": [
        0.28877551020408165,
        0.29897959183673467,
        0.20510204081632652,
        0.20714285714285716,
        0.22051282051282053,
        0.20923076923076922,
        0.26666666666666666,
        0.3035897435897436,
        0.2216494845360825,
        0.2072164948453608,
        0.29381443298969073,
        0.277319587628866,
        0.2669404517453799,
        0.2433264887063655,
        0.24127310061601642,
        0.2484599589322382,
        0.23919915700737618,
        0.30453108535300316,
        0.23182297154899895,
        0.2244467860906217,
        0.2421796165489405,
        0.2209889001009082,
        0.29061553985872857,
        0.24621594349142284,
        0.2414860681114551,
        0.2662538699690402,
        0.2590299277605779,
        0.2332301341589267,
        0.26375908618899274,
        0.25752855659397716,
        0.21703011422637591,
        0.2616822429906542,
        0.2151639344262295,
        0.22028688524590165,
        0.26741803278688525,
        0.2971311475409836
      ],
      "variable": {
        "id": 11,
        "name": "pseprmax",
        "values": [
          "1",
          "2",
          "3",
          "4"
        ]
      }
    },
    "12": {
      "probs": [
        0.25306122448979596,
        0.24591836734693878,
        0.2571428571428571,
        0.24387755102040815,
        0.25333333333333335,
        0.25743589743589745,
        0.22666666666666668,
        0.26256410256410256,
        0.2515463917525773,
        0.24536082474226806,
        0.2288659793814433,
        0.2742268041237113,
        0.24229979466119098,
        0.22587268993839837,
        0.24948665297741274,
        0.282340862422998,
        0.25711275026343516,
        0.2813487881981032,
        0.21074815595363539,
        0.2507903055848261,
        0.25731584258324924,
        0.2532795156407669,
        0.2865792129162462,
        0.20282542885973764,
        0.21981424148606815,
        0.23426212590299278,
        0.28895768833849333,
        0.25696594427244585,
        0.26687435098650053,
        0.24610591900311526,
        0.2793354101765317,
        0.20768431983385255,
        0.2674180327868853,
        0.2336065573770492,
        0.21106557377049182,
        0.2879098360655738
      ],
      "variable": {
        "id": 12,
        "name": "feffcd",
        "values": [
          "1",
          "2",
          "3",
          "4"
        ]
      }
    },
    "13": {
      "probs": [
        0.0,
        0.001020408163265306,
        0.22448979591836735,
        0.7744897959183674,
        0.0,
        0.18256410256410255,
        0.5353846153846153,
        0.28205128205128205,
        0.12474226804123709,
        0.4845360824742267,
        0.2938144329896907,
        0.09690721649484534,
        0.3932238193018481,
        0.43326488706365507,
        0.10472279260780287,
        0.06878850102669405,
        0.6027397260273972,
        0.17175974710221287,
        0.12644889357218125,
        0.09905163329820865,
        0.3854692230070636,
        0.2593340060544904,
        0.21392532795156408,
        0.14127144298688193,
        0.32404540763673895,
        0.21259029927760578,
        0.2507739938080496,
        0.21259029927760578,
        0.21599169262720666,
        0.2928348909657321,
        0.22222222222222224,
        0.2689511941848391,
        0.2264344262295082,
        0.22540983606557377,
        0.2868852459016394,
        0.2612704918032787
      ],
      "variable": {
        "id": 13,
        "name": "aspect",
        "values": [
          "1",
          "2",
          "3",
          "4"
        ]
      }
    },
    "14": {
      "probs": [
        0.22857142857142856,
        0.2510204081632653,
        0.24183673469387754,
        0.2785714285714286,
        0.22871794871794873,
        0.23384615384615387,
        0.27692307692307694,
        0.26051282051282054,
        0.2216494845360825,
        0.23608247422680412,
        0.27010309278350514,
        0.2721649484536082,
        0.20636550308008214,
        0.2720739219712526,
        0.2669404517453799,
        0.2546201232032854,
        0.20864067439409903,
        0.25711275026343516,
        0.2792413066385669,
        0.25500526870389884,
        0.18869828456104945,
        0.21392532795156408,
        0.25832492431886983,
        0.33905146316851664,
        0.24458204334365327,
        0.22497420020639836,
        0.23116615067079466,
        0.2992776057791538,
        0.288681204569055,
        0.2814122533748702,
        0.24091381100726897,
        0.18899273104880582,
        0.4108606557377049,
        0.2694672131147541,
        0.2038934426229508,
        0.11577868852459015
      ],
      "variable": {
        "id": 14,
        "name": "boundu2",
        "values": [
          "1",
          "2",
          "3",
          "4"
        ]
      }
    },