{
  "bbn_nodes": {
    "5": {
      "probs": [
        0.03626473254759746,
        0.0942883046237534,
        0.3327289211242067,
        0.4233907524932004,
        0.11332728921124208,
        0.0,
        0.0,
        0.06987295825771325,
        0.3548094373865699,
        0.5753176043557169,
        0.0,
        0.0,
        0.0,
        0.08431550317316411,
        0.915684496826836
      ],
      "variable": {
        "id": 5,
        "name": "major_radius",
        "values": [
          "1",
          "2",
          "3",
          "4",
          "5"
        ]
      }
    },
    "6": {
      "probs": [
        0.20670897552130557,
        0.43880326382592927,
        0.24478694469628287,
        0.08431550317316411,
        0.025385312783318226,
        0.4482758620689655,
        0.47005444646098005,
        0.07622504537205083,
        0.00544464609800363,
        0.0,
        0.8168631006346329,
        0.18223028105167724,
        0.0009066183136899365,
        0.0,
        0.0
      ],
      "variable": {
        "id": 6,
        "name": "aspect_ratio",
        "values": [
          "1",
          "2",
          "3",
          "4",
          "5"
        ]
      }
    },
    "7": {
      "probs": [
        0.31731640979147785,
        0.2828649138712602,
        0.12420670897552132,
        0.1305530371713509,
        0.14505893019038985,
        0.32940108892921965,
        0.29038112522686027,
        0.17695099818511797,
        0.10980036297640652,
        0.09346642468239565,
        0.34995466908431555,
        0.3245693563009973,
        0.16409791477787852,
        0.05983680870353582,
        0.1015412511332729
      ],
      "variable": {
        "id": 7,
        "name": "effective_ion_charge",
        "values": [
          "1",
          "2",
          "3",
          "4",
          "5"
        ]
      }
    },
    "8": {
      "probs": [
        0.0271985494106981,
        0.10335448776065279,
        0.1758839528558477,
        0.25203989120580234,
        0.4415231187669991,
        0.028130671506352088,
        0.10344827586206898,
        0.2558983666061706,
        0.22958257713248642,
        0.38294010889292196,
        0.03989120580235721,
        0.13236627379873073,
        0.2747053490480508,
        0.27107887579329104,
        0.2819582955575703
      ],
      "variable": {
        "id": 8,
        "name": "toroidal_field_on_plasma",
        "values": [
          "1",
          "2",
          "3",
          "4",
          "5"
        ]
      }
    },
    "9": {
      "probs": [
        0.3334340991535671,
        0.33313180169286577,
        0.3334340991535671
      ],
      "variable": {
        "id": 9,
        "name": "CAPITAL_COST_2021_PRICES_million_USD",
        "values": [
          "1",
          "2",
          "3"
        ]
      }
    }
  },
  "jt": {
    "edges": [
      "5-9-9-6-9",
      "5-9-9-7-9",
      "5-9-9-8-9"
    ],
    "nodes": {
      "5-9": {
        "node_ids": [
          9,
          5
        ],
        "type": "clique"
      },
      "5-9-9-6-9": {
        "left": "5-9",
        "right": "6-9",
        "type": "sepset"
      },
      "5-9-9-7-9": {
        "left": "5-9",
        "right": "7-9",
        "type": "sepset"
      },
      "5-9-9-8-9": {
        "left": "5-9",
        "right": "8-9",
        "type": "sepset"
      },
      "6-9": {
        "node_ids": [
          9,
          6
        ],
        "type": "clique"
      },
      "7-9": {
        "node_ids": [
          9,
          7
        ],
        "type": "clique"
      },
      "8-9": {
        "node_ids": [
          8,
          9
        ],
        "type": "clique"
      }
    },
    "parent_info": {
      "5": [
        9
      ],
      "6": [
        9
      ],
      "7": [
        9
      ],
      "8": [
        9
      ]
    }
  }
}