{
  "bbn_nodes": {
    "5": {
      "probs": [
        0.040586245772266064,
        0.10033821871476888,
        0.294250281848929,
        0.42390078917700114,
        0.14092446448703494,
        0.04761904761904762,
        0.09523809523809525,
        0.30952380952380953,
        0.5476190476190477,
        0.0,
        0.2,
        0.2,
        0.2,
        0.2,
        0.2,
        0.0,
        0.0,
        0.0,
        0.05116279069767442,
        0.9488372093023256,
        0.0,
        0.0,
        0.0,
        0.20792079207920794,
        0.7920792079207921,
        0.2,
        0.2,
        0.2,
        0.2,
        0.2,
        0.2,
        0.2,
        0.2,
        0.2,
        0.2,
        0.0,
        0.0,
        0.0,
        0.0,
        1.0,
        0.0,
        0.0,
        0.0,
        0.06666666666666667,
        0.9333333333333333,
        0.0,
        0.0,
        0.5,
        0.5,
        0.0,
        0.012269938650306747,
        0.061349693251533735,
        0.5153374233128835,
        0.41104294478527603,
        0.0,
        0.0,
        0.0,
        1.0,
        0.0,
        0.0,
        0.0,
        0.0,
        0.0,
        0.0,
        1.0,
        0.0,
        0.0,
        0.027906976744186043,
        0.38604651162790693,
        0.586046511627907,
        0.0,
        0.0,
        0.08823529411764706,
        0.7647058823529411,
        0.14705882352941177,
        0.2,
        0.2,
        0.2,
        0.2,
        0.2,
        0.0,
        0.0,
        0.0,
        0.0,
        1.0,
        0.0,
        0.0,
        0.0,
        0.087248322147651,
        0.912751677852349,
        0.2,
        0.2,
        0.2,
        0.2,
        0.2,
        0.0,
        0.0,
        1.0,
        0.0,
        0.0,
        0.0,
        0.16666666666666669,
        0.8333333333333334,
        0.0,
        0.0,
        0.2,
        0.2,
        0.2,
        0.2,
        0.2,
        0.0,
        0.0,
        0.0,
        0.3333333333333333,
        0.6666666666666666,
        0.0,
        0.0,
        0.2870370370370371,
        0.6712962962962964,
        0.04166666666666667,
        0.2,
        0.2,
        0.2,
        0.2,
        0.2,
        0.0,
        0.0,
        0.0,
        0.0,
        1.0,
        0.0,
        0.0,
        0.0,
        0.11800302571860817,
        0.8819969742813918
      ],
      "variable": {
        "id": 5,
        "name": "major_radius",
        "values": [
          "1",
          "2",
          "3",
          "4",
          "5"
        ]
      }
    },
    "6": {
      "probs": [
        0.1905298759864712,
        0.41713641488162334,
        0.2626832018038331,
        0.0980834272829763,
        0.03156708004509582,
        0.45238095238095233,
        0.35714285714285715,
        0.11904761904761904,
        0.07142857142857142,
        0.0,
        0.2,
        0.2,
        0.2,
        0.2,
        0.2,
        0.18604651162790697,
        0.5627906976744186,
        0.23720930232558143,
        0.013953488372093025,
        0.0,
        0.6386138613861386,
        0.32673267326732675,
        0.034653465346534656,
        0.0,
        0.0,
        0.2,
        0.2,
        0.2,
        0.2,
        0.2,
        0.2,
        0.2,
        0.2,
        0.2,
        0.2,
        0.9633027522935781,
        0.03669724770642202,
        0.0,
        0.0,
        0.0,
        0.9333333333333333,
        0.03333333333333333,
        0.03333333333333333,
        0.0,
        0.0,
        0.0,
        1.0,
        0.0,
        0.0,
        0.0,
        0.23926380368098163,
        0.5460122699386504,
        0.19631901840490798,
        0.018404907975460124,
        0.0,
        0.0,
        1.0,
        0.0,
        0.0,
        0.0,
        0.5,
        0.5,
        0.0,
        0.0,
        0.0,
        0.5418604651162792,
        0.3953488372093023,
        0.05581395348837209,
        0.0069767441860465115,
        0.0,
        0.7058823529411765,
        0.29411764705882354,
        0.0,
        0.0,
        0.0,
        0.2,
        0.2,
        0.2,
        0.2,
        0.2,
        0.8947368421052632,
        0.10526315789473684,
        0.0,
        0.0,
        0.0,
        0.8791946308724833,
        0.12080536912751678,
        0.0,
        0.0,
        0.0,
        0.2,
        0.2,
        0.2,
        0.2,
        0.2,
        1.0,
        0.0,
        0.0,
        0.0,
        0.0,
        0.0,
        1.0,
        0.0,
        0.0,
        0.0,
        0.2,
        0.2,
        0.2,
        0.2,
        0.2,
        0.3333333333333333,
        0.6666666666666666,
        0.0,
        0.0,
        0.0,
        0.3055555555555555,
        0.6851851851851851,
        0.009259259259259257,
        0.0,
        0.0,
        0.2,
        0.2,
        0.2,
        0.2,
        0.2,
        1.0,
        0.0,
        0.0,
        0.0,
        0.0,
        0.7549167927382753,
        0.24508320726172467,
        0.0,
        0.0,
        0.0
      ],
      "variable": {
        "id": 6,
        "name": "aspect_ratio",
        "values": [
          "1",
          "2",
          "3",
          "4",
          "5"
        ]
      }
    },