{
  "bbn_nodes": {
    "8": {
      "probs": [
        0.19949697038984796,
        0.19698182233908768,
        0.20189779352921,
        0.20144049388361723,
        0.2001829198582371
      ],
      "variable": {
        "id": 8,
        "name": "capcost",
        "values": [
          "1",
          "2",
          "3",
          "4",
          "5"
        ]
      }
    },
    "9": {
      "probs": [
        0.1174785100286533,
        0.1340974212034384,
        0.10888252148997135,
        0.12206303724928366,
        0.13753581661891118,
        0.13524355300859597,
        0.12951289398280802,
        0.1151862464183381,
        0.1253627394080093,
        0.11375507835171214,
        0.14161346488682533,
        0.12013929193267557,
        0.12304120719674985,
        0.118398142774231,
        0.12130005803830529,
        0.1363900174114916,
        0.12627406568516422,
        0.12004530011325029,
        0.12797281993204984,
        0.1432616081540204,
        0.12344280860702152,
        0.12344280860702152,
        0.12174405436013591,
        0.11381653454133636,
        0.12883087400681043,
        0.11804767309875142,
        0.12656072644721908,
        0.12088535754824065,
        0.1282633371169126,
        0.1333711691259932,
        0.11975028376844496,
        0.1242905788876277,
        0.11878926327812678,
        0.1342090234151913,
        0.11993146773272416,
        0.13820673900628214,
        0.1273557966876071,
        0.11422044545973731,
        0.1296402055968018,
        0.11764705882352941
      ],
      "variable": {
        "id": 9,
        "name": "fdene",
        "values": [
          "1",
          "2",
          "3",
          "4",
          "5",
          "6",
          "7",
          "8"
        ]
      }
    },
    "10": {
      "probs": [
        0.1312320916905444,
        0.12091690544412607,
        0.13696275071633238,
        0.12378223495702005,
        0.1340974212034384,
        0.1318051575931232,
        0.11919770773638967,
        0.10200573065902578,
        0.1166569936157864,
        0.1456761462565293,
        0.11839814277423097,
        0.12362159024956469,
        0.12304120719674982,
        0.12710388856645385,
        0.14103308183401042,
        0.10446894950667439,
        0.1359003397508494,
        0.11041902604756512,
        0.13363533408833522,
        0.12344280860702152,
        0.13023782559456398,
        0.13420158550396377,
        0.1172140430351076,
        0.11494903737259343,
        0.14472190692395007,
        0.11464245175936437,
        0.1061293984108967,
        0.1396140749148695,
        0.14755959137343927,
        0.10329171396140749,
        0.11293984108967083,
        0.13110102156640183,
        0.0925185608223872,
        0.14049114791547687,
        0.14620217018846374,
        0.11821816105082811,
        0.0885208452312964,
        0.15362649914334667,
        0.1342090234151913,
        0.1262135922330097
      ],
      "variable": {
        "id": 10,
        "name": "fimp14",
        "values": [
          "1",
          "2",
          "3",
          "4",
          "5",
          "6",
          "7",
          "8"
        ]
      }
    },
    "11": {
      "probs": [
        0.12607449856733524,
        0.12722063037249284,
        0.12607449856733524,
        0.1501432664756447,
        0.12378223495702005,
        0.10659025787965616,
        0.11117478510028653,
        0.12893982808022922,
        0.12304120719674985,
        0.12013929193267557,
        0.12246082414393501,
        0.09808473592571097,
        0.1323273360417876,
        0.13697040046430645,
        0.1392919326755659,
        0.12768427161926874,
        0.12400906002265007,
        0.11834654586636467,
        0.14099660249150625,
        0.13929784824462063,
        0.12174405436013591,
        0.11664779161947905,
        0.1172140430351076,
        0.12174405436013591,
        0.10669693530079456,
        0.12372304199772985,
        0.12769580022701477,
        0.13110102156640183,
        0.12883087400681043,
        0.1396140749148695,
        0.11975028376844496,
        0.12258796821793416,
        0.1307824100513992,
        0.11364934323243861,
        0.11764705882352941,
        0.10965162764134781,
        0.12278697886921759,
        0.12278697886921759,
        0.1427755568246716,
        0.13992004568817817
      ],
      "variable": {
        "id": 11,
        "name": "pseprmax",
        "values": [
          "1",
          "2",
          "3",
          "4",
          "5",
          "6",
          "7",
          "8"
        ]
      }
    },
    "12": {
      "probs": [
        0.12550143266475647,
        0.13237822349570202,
        0.12034383954154729,
        0.12148997134670488,
        0.12320916905444128,
        0.12206303724928368,
        0.12435530085959887,
        0.13065902578796565,
        0.12188044109112015,
        0.11143354614045271,
        0.13000580383052815,
        0.118398142774231,
        0.11723737666860129,
        0.12362159024956472,
        0.138711549622751,
        0.138711549622751,
        0.12627406568516422,
        0.1364665911664779,
        0.1172140430351076,
        0.13363533408833522,
        0.11494903737259343,
        0.12853907134767836,
        0.12231030577576445,
        0.12061155152887884,
        0.11975028376844496,
        0.11123723041997731,
        0.13110102156640183,
        0.11293984108967083,
        0.15607264472190693,
        0.1396140749148695,
        0.1163450624290579,
        0.11293984108967083,
        0.13763563677898344,
        0.1313535122786979,
        0.12335808109651628,
        0.12107367218732153,
        0.11593375214163336,
        0.12507138777841234,
        0.11821816105082811,
        0.1273557966876071
      ],
      "variable": {
        "id": 12,
        "name": "feffcd",
        "values": [
          "1",
          "2",
          "3",
          "4",
          "5",
          "6",
          "7",
          "8"
        ]
      }
    },
    "13": {
      "probs": [
        0.0,
        0.0,
        0.009169054441260744,
        0.0504297994269341,
        0.12664756446991404,
        0.24355300859598855,
        0.2842406876790831,
        0.2859598853868195,
        0.019733023795705167,
        0.15728380731282648,
        0.2356355194428323,
        0.24434126523505517,
        0.17121300058038305,
        0.08473592571096925,
        0.04526987811955892,
        0.04178757980266977,
        0.3352208380520952,
        0.19932049830124576,
        0.1291053227633069,
        0.09399773499433749,
        0.08097395243488109,
        0.053793884484711216,
        0.04983012457531144,
        0.057757644394110984,
        0.16969353007945515,
        0.1742338251986379,
        0.11975028376844496,
        0.1191827468785471,
        0.12031782065834279,
        0.11464245175936437,
        0.09250851305334848,
        0.08967082860385926,
        0.10908052541404911,
        0.10394060536836094,
        0.13478012564249,
        0.12792689891490577,
        0.11821816105082811,
        0.13306681896059394,
        0.1302113078241005,
        0.1427755568246716
      ],
      "variable": {
        "id": 13,
        "name": "aspect",
        "values": [
          "1",
          "2",
          "3",
          "4",
          "5",
          "6",
          "7",
          "8"
        ]
      }
    },