{
  "bbn_nodes": {
    "10": {
      "probs": [
        0.17972350230414746,
        0.21082949308755758,
        0.16244239631336405,
        0.2327188940092166,
        0.21428571428571427,
        0.17600000000000002,
        0.16342857142857142,
        0.19885714285714287,
        0.2377142857142857,
        0.22400000000000003,
        0.23482245131729668,
        0.145475372279496,
        0.22222222222222224,
        0.21305841924398627,
        0.18442153493699887,
        0.20228571428571432,
        0.216,
        0.22057142857142858,
        0.15314285714285716,
        0.20800000000000002,
        0.17840375586854462,
        0.1960093896713615,
        0.17370892018779344,
        0.23004694835680753,
        0.22183098591549294,
        0.1753393665158371,
        0.20701357466063347,
        0.252262443438914,
        0.21040723981900453,
        0.15497737556561084,
        0.19791666666666669,
        0.21296296296296297,
        0.17939814814814814,
        0.1724537037037037,
        0.23726851851851852,
        0.21477272727272725,
        0.2193181818181818,
        0.1875,
        0.21363636363636365,
        0.16477272727272727,
        0.19574944071588368,
        0.19574944071588368,
        0.21029082774049218,
        0.17225950782997765,
        0.22595078299776286,
        0.2267573696145125,
        0.23809523809523808,
        0.21995464852607713,
        0.15873015873015875,
        0.1564625850340136
      ],
      "variable": {
        "id": 10,
        "name": "fdene",
        "values": [
          "1",
          "2",
          "3",
          "4",
          "5"
        ]
      }
    },
    "11": {
      "probs": [
        0.19930875576036866,
        0.21428571428571427,
        0.1751152073732719,
        0.20046082949308755,
        0.21082949308755758,
        0.18171428571428572,
        0.22514285714285714,
        0.18285714285714286,
        0.20228571428571432,
        0.20800000000000002,
        0.1809851088201604,
        0.22680412371134023,
        0.24169530355097368,
        0.20389461626575028,
        0.1466208476517755,
        0.2137142857142857,
        0.176,
        0.2137142857142857,
        0.19428571428571426,
        0.2022857142857143,
        0.19718309859154928,
        0.21009389671361503,
        0.1807511737089202,
        0.2288732394366197,
        0.18309859154929578,
        0.20248868778280543,
        0.19343891402714933,
        0.21040723981900453,
        0.2171945701357466,
        0.17647058823529413,
        0.24537037037037038,
        0.16666666666666669,
        0.21412037037037035,
        0.22685185185185186,
        0.14699074074074073,
        0.19886363636363638,
        0.19772727272727272,
        0.23409090909090907,
        0.14659090909090908,
        0.22272727272727275,
        0.22483221476510065,
        0.17785234899328858,
        0.2225950782997763,
        0.18120805369127516,
        0.1935123042505593,
        0.18934240362811794,
        0.23582766439909297,
        0.13945578231292519,
        0.25963718820861675,
        0.17573696145124718
      ],
      "variable": {
        "id": 11,
        "name": "fimp14",
        "values": [
          "1",
          "2",
          "3",
          "4",
          "5"
        ]
      }
    },
    "12": {
      "probs": [
        0.2546082949308756,
        0.21774193548387097,
        0.22235023041474655,
        0.14746543778801846,
        0.1578341013824885,
        0.15428571428571428,
        0.19085714285714286,
        0.19542857142857142,
        0.21828571428571425,
        0.24114285714285713,
        0.1752577319587629,
        0.1764032073310424,
        0.19816723940435282,
        0.22336769759450173,
        0.22680412371134023,
        0.19542857142857145,
        0.16571428571428573,
        0.192,
        0.21942857142857145,
        0.22742857142857145,
        0.20422535211267603,
        0.18192488262910797,
        0.17136150234741784,
        0.22065727699530516,
        0.22183098591549294,
        0.17873303167420815,
        0.22624434389140272,
        0.20475113122171942,
        0.18665158371040724,
        0.20361990950226244,
        0.19444444444444445,
        0.2152777777777778,
        0.21180555555555555,
        0.19791666666666669,
        0.18055555555555558,
        0.18295454545454545,
        0.15,
        0.2181818181818182,
        0.23977272727272728,
        0.2090909090909091,
        0.18344519015659955,
        0.2348993288590604,
        0.203579418344519,
        0.1935123042505593,
        0.18456375838926176,
        0.21088435374149656,
        0.20408163265306117,
        0.2063492063492063,
        0.16326530612244897,
        0.2154195011337868
      ],
      "variable": {
        "id": 12,
        "name": "pseprmax",
        "values": [
          "1",
          "2",
          "3",
          "4",
          "5"
        ]
      }
    },
    "13": {
      "probs": [
        0.18778801843317972,
        0.20161290322580647,
        0.21543778801843316,
        0.18548387096774194,
        0.2096774193548387,
        0.1782857142857143,
        0.23085714285714287,
        0.2034285714285714,
        0.13028571428571428,
        0.2571428571428571,
        0.24169530355097368,
        0.17182130584192443,
        0.1752577319587629,
        0.1970217640320733,
        0.21420389461626574,
        0.17257142857142857,
        0.2102857142857143,
        0.20342857142857143,
        0.19314285714285717,
        0.22057142857142858,
        0.20892018779342722,
        0.18661971830985916,
        0.17488262910798122,
        0.19953051643192488,
        0.23004694835680753,
        0.19796380090497737,
        0.22624434389140272,
        0.19117647058823528,
        0.16289592760180996,
        0.22171945701357465,
        0.20486111111111113,
        0.21643518518518517,
        0.19675925925925924,
        0.21412037037037035,
        0.16782407407407407,
        0.21704545454545454,
        0.19431818181818183,
        0.1818181818181818,
        0.23522727272727273,
        0.1715909090909091,
        0.17785234899328858,
        0.1767337807606264,
        0.232662192393736,
        0.24161073825503354,
        0.17114093959731544,
        0.2165532879818594,
        0.16780045351473924,
        0.21201814058956917,
        0.24603174603174605,
        0.15759637188208617
      ],
      "variable": {
        "id": 13,
        "name": "feffcd",
        "values": [
          "1",
          "2",
          "3",
          "4",
          "5"
        ]
      }
    },
    "14": {
      "probs": [
        0.0,
        0.0,
        0.018433179723502304,
        0.3444700460829493,
        0.6370967741935484,
        0.2,
        0.17257142857142854,
        0.2022857142857143,
        0.19885714285714284,
        0.22628571428571428,
        0.0,
        0.03436426116838488,
        0.23482245131729668,
        0.4742268041237114,
        0.25658648339060713,
        0.020571428571428574,
        0.3405714285714286,
        0.3645714285714286,
        0.216,
        0.05828571428571429,
        0.1643192488262911,
        0.43192488262910805,
        0.24765258215962443,
        0.0927230046948357,
        0.06338028169014086,
        0.4671945701357466,
        0.2771493212669683,
        0.12782805429864252,
        0.04751131221719457,
        0.08031674208144796,
        0.45949074074074076,
        0.1724537037037037,
        0.17476851851851852,
        0.09027777777777779,
        0.10300925925925926,
        0.3227272727272727,
        0.2227272727272727,
        0.22386363636363632,
        0.11249999999999998,
        0.11818181818181815,
        0.2348993288590604,
        0.17225950782997765,
        0.20693512304250558,
        0.2181208053691275,
        0.16778523489932887,
        0.18367346938775508,
        0.18934240362811794,
        0.22448979591836737,
        0.1870748299319728,
        0.21541950113378686
      ],