{
  "bbn_nodes": {
    "10": {
      "probs": [
        0.04444444444444444,
        0.0,
        0.13333333333333333,
        0.26666666666666666,
        0.2222222222222222,
        0.19999999999999998,
        0.06666666666666667,
        0.06666666666666667,
        0.0,
        0.0,
        0.0,
        0.0,
        0.0,
        0.0,
        0.09302325581395349,
        0.1627906976744186,
        0.13953488372093023,
        0.3023255813953488,
        0.2558139534883721,
        0.046511627906976744,
        0.0,
        0.0,
        0.0,
        0.18604651162790697,
        0.2558139534883721,
        0.3023255813953488,
        0.11627906976744186,
        0.11627906976744186,
        0.023255813953488372,
        0.0,
        0.0,
        0.0,
        0.06382978723404255,
        0.1276595744680851,
        0.19148936170212766,
        0.19148936170212766,
        0.2978723404255319,
        0.1276595744680851,
        0.0,
        0.0,
        0.0,
        0.0,
        0.023255813953488375,
        0.0930232558139535,
        0.11627906976744187,
        0.20930232558139536,
        0.3023255813953489,
        0.20930232558139536,
        0.04651162790697675,
        0.0,
        0.0,
        0.0,
        0.04255319148936171,
        0.08510638297872342,
        0.1914893617021277,
        0.2765957446808511,
        0.2340425531914894,
        0.12765957446808512,
        0.04255319148936171,
        0.0,
        0.0,
        0.020833333333333336,
        0.0,
        0.04166666666666667,
        0.20833333333333334,
        0.22916666666666669,
        0.3541666666666667,
        0.10416666666666667,
        0.04166666666666667,
        0.0,
        0.0,
        0.0,
        0.024390243902439022,
        0.0,
        0.17073170731707316,
        0.3414634146341463,
        0.24390243902439024,
        0.14634146341463414,
        0.024390243902439022,
        0.048780487804878044,
        0.020408163265306124,
        0.0,
        0.0,
        0.020408163265306124,
        0.12244897959183675,
        0.1836734693877551,
        0.326530612244898,
        0.163265306122449,
        0.12244897959183675,
        0.04081632653061225,
        0.0,
        0.04545454545454545,
        0.0,
        0.022727272727272724,
        0.20454545454545453,
        0.11363636363636363,
        0.20454545454545453,
        0.1590909090909091,
        0.1590909090909091,
        0.0909090909090909
      ],
      "variable": {
        "id": 10,
        "name": "force",
        "values": [
          "1",
          "10",
          "2",
          "3",
          "4",
          "5",
          "6",
          "7",
          "8",
          "9"
        ]
      }
    },
    "11": {
      "probs": [
        0.0,
        0.13333333333333333,
        0.0,
        0.0,
        0.0,
        0.0,
        0.0,
        0.15555555555555553,
        0.4444444444444444,
        0.26666666666666666,
        0.023255813953488372,
        0.0,
        0.023255813953488372,
        0.2558139534883721,
        0.4418604651162791,
        0.2558139534883721,
        0.0,
        0.0,
        0.0,
        0.0,
        0.0,
        0.0,
        0.0,
        0.0,
        0.0,
        0.0,
        0.023255813953488372,
        0.5116279069767442,
        0.34883720930232553,
        0.11627906976744186,
        0.0,
        0.0,
        0.0,
        0.0,
        0.0,
        0.0,
        0.2978723404255319,
        0.44680851063829785,
        0.2553191489361702,
        0.0,
        0.0,
        0.0,
        0.0,
        0.0,
        0.0,
        0.04651162790697675,
        0.2790697674418605,
        0.558139534883721,
        0.11627906976744187,
        0.0,
        0.0,
        0.0,
        0.0,
        0.0,
        0.0,
        0.14893617021276595,
        0.5106382978723404,
        0.3191489361702127,
        0.02127659574468085,
        0.0,
        0.0,
        0.0,
        0.0,
        0.0,
        0.0,
        0.22916666666666666,
        0.6041666666666666,
        0.14583333333333331,
        0.020833333333333332,
        0.0,
        0.0,
        0.0,
        0.0,
        0.0,
        0.024390243902439022,
        0.39024390243902435,
        0.43902439024390244,
        0.14634146341463414,
        0.0,
        0.0,
        0.0,
        0.0,
        0.0,
        0.02040816326530612,
        0.14285714285714282,
        0.5510204081632653,
        0.26530612244897955,
        0.02040816326530612,
        0.0,
        0.0,
        0.0,
        0.0,
        0.0,
        0.0,
        0.40909090909090906,
        0.3409090909090909,
        0.22727272727272727,
        0.022727272727272724,
        0.0,
        0.0
      ],
      "variable": {
        "id": 11,
        "name": "mass",
        "values": [
          "1",
          "10",
          "2",
          "3",
          "4",
          "5",
          "6",
          "7",
          "8",
          "9"
        ]
      }
    },
    "12": {
      "probs": [
        0.1,
        0.09555555555555556,
        0.09555555555555556,
        0.10444444444444445,
        0.09555555555555556,
        0.10444444444444445,
        0.10666666666666667,
        0.09111111111111111,
        0.10888888888888888,
        0.09777777777777778
      ],
      "variable": {
        "id": 12,
        "name": "acceleration",
        "values": [
          "1",
          "10",
          "2",
          "3",
          "4",
          "5",
          "6",
          "7",
          "8",
          "9"
        ]
      }
    }
  },
  "jt": {
    "edges": [
      "10-12-12-11-12"
    ],
    "nodes": {
      "10-12": {
        "node_ids": [
          10,
          12
        ],
        "type": "clique"
      },
      "10-12-12-11-12": {
        "left": "10-12",
        "right": "11-12",
        "type": "sepset"
      },
      "11-12": {
        "node_ids": [
          11,
          12
        ],
        "type": "clique"
      }
    },
    "parent_info": {
      "10": [
        12
      ],
      "11": [
        12
      ]
    }
  }
}