{
  "bbn_nodes": {
    "8": {
      "probs": [
        0.06349206349206349,
        0.19047619047619047,
        0.25396825396825395,
        0.33333333333333337,
        0.09523809523809523,
        0.06349206349206349,
        0.0,
        0.0,
        0.016129032258064516,
        0.0967741935483871,
        0.2741935483870968,
        0.24193548387096772,
        0.25806451612903225,
        0.11290322580645161,
        0.0,
        0.0,
        0.0,
        0.09523809523809523,
        0.1746031746031746,
        0.30158730158730157,
        0.33333333333333337,
        0.09523809523809523,
        0.0,
        0.0,
        0.0,
        0.08064516129032258,
        0.2096774193548387,
        0.2741935483870968,
        0.3064516129032258,
        0.08064516129032258,
        0.04838709677419355,
        0.0,
        0.0,
        0.0,
        0.16129032258064518,
        0.2580645161290323,
        0.403225806451613,
        0.11290322580645162,
        0.048387096774193554,
        0.01612903225806452,
        0.015873015873015872,
        0.015873015873015872,
        0.12698412698412698,
        0.4126984126984127,
        0.19047619047619047,
        0.15873015873015872,
        0.07936507936507936,
        0.0,
        0.0,
        0.0,
        0.14516129032258063,
        0.1935483870967742,
        0.3064516129032258,
        0.2096774193548387,
        0.11290322580645161,
        0.03225806451612903,
        0.0,
        0.0,
        0.031746031746031744,
        0.23809523809523808,
        0.25396825396825395,
        0.3492063492063492,
        0.09523809523809523,
        0.031746031746031744
      ],
      "variable": {
        "id": 8,
        "name": "force",
        "values": [
          "1",
          "2",
          "3",
          "4",
          "5",
          "6",
          "7",
          "8"
        ]
      }
    },
    "9": {
      "probs": [
        0.0,
        0.0,
        0.0,
        0.0,
        0.0,
        0.39682539682539686,
        0.46031746031746035,
        0.14285714285714285,
        0.0,
        0.0,
        0.0,
        0.0,
        0.25806451612903225,
        0.5645161290322581,
        0.17741935483870966,
        0.0,
        0.0,
        0.0,
        0.0,
        0.015873015873015872,
        0.46031746031746035,
        0.5079365079365079,
        0.015873015873015872,
        0.0,
        0.0,
        0.0,
        0.0,
        0.14516129032258063,
        0.5645161290322581,
        0.29032258064516125,
        0.0,
        0.0,
        0.0,
        0.0,
        0.0,
        0.1935483870967742,
        0.7258064516129032,
        0.08064516129032258,
        0.0,
        0.0,
        0.0,
        0.0,
        0.03174603174603175,
        0.5873015873015873,
        0.34920634920634924,
        0.03174603174603175,
        0.0,
        0.0,
        0.0,
        0.0,
        0.1935483870967742,
        0.5645161290322581,
        0.24193548387096772,
        0.0,
        0.0,
        0.0,
        0.015873015873015872,
        0.11111111111111112,
        0.46031746031746035,
        0.38095238095238093,
        0.031746031746031744,
        0.0,
        0.0,
        0.0
      ],
      "variable": {
        "id": 9,
        "name": "mass",
        "values": [
          "1",
          "2",
          "3",
          "4",
          "5",
          "6",
          "7",
          "8"
        ]
      }
    },
    "10": {
      "probs": [
        0.126,
        0.124,
        0.126,
        0.124,
        0.124,
        0.126,
        0.124,
        0.126
      ],
      "variable": {
        "id": 10,
        "name": "acceleration",
        "values": [
          "1",
          "2",
          "3",
          "4",
          "5",
          "6",
          "7",
          "8"
        ]
      }
    }
  },
  "jt": {
    "edges": [
      "8-10-10-9-10"
    ],
    "nodes": {
      "8-10": {
        "node_ids": [
          8,
          10
        ],
        "type": "clique"
      },
      "8-10-10-9-10": {
        "left": "8-10",
        "right": "9-10",
        "type": "sepset"
      },
      "9-10": {
        "node_ids": [
          9,
          10
        ],
        "type": "clique"
      }
    },
    "parent_info": {
      "8": [
        10
      ],
      "9": [
        10
      ]
    }
  }
}