{
  "bbn_nodes": {
    "7": {
      "probs": [
        0.08456659619450316,
        0.21564482029598306,
        0.5095137420718815,
        0.1839323467230444,
        0.006342494714587737,
        0.0,
        0.004237288135593221,
        0.2415254237288136,
        0.6165254237288136,
        0.13771186440677968,
        0.0,
        0.0,
        0.1141649048625793,
        0.47991543340380555,
        0.40591966173361527,
        0.0,
        0.0,
        0.06779661016949153,
        0.3411016949152542,
        0.5911016949152542,
        0.0,
        0.0,
        0.0063424947145877385,
        0.26427061310782246,
        0.7293868921775899,
        0.0,
        0.0,
        0.0,
        0.11228813559322035,
        0.8877118644067797,
        0.0,
        0.0,
        0.0,
        0.014799154334038056,
        0.985200845665962
      ],
      "variable": {
        "id": 7,
        "name": "major_radius",
        "values": [
          "1",
          "2",
          "3",
          "4",
          "5"
        ]
      }
    },
    "8": {
      "probs": [
        0.13742071881606766,
        0.37209302325581395,
        0.35306553911205074,
        0.09302325581395349,
        0.04439746300211417,
        0.25635593220338987,
        0.5000000000000001,
        0.14406779661016952,
        0.08474576271186442,
        0.014830508474576273,
        0.281183932346723,
        0.4735729386892177,
        0.21775898520084563,
        0.027484143763213526,
        0.0,
        0.4258474576271186,
        0.5402542372881356,
        0.029661016949152543,
        0.00423728813559322,
        0.0,
        0.6723044397463003,
        0.32346723044397463,
        0.004228329809725159,
        0.0,
        0.0,
        0.8220338983050848,
        0.17584745762711865,
        0.00211864406779661,
        0.0,
        0.0,
        0.839323467230444,
        0.16067653276955604,
        0.0,
        0.0,
        0.0
      ],
      "variable": {
        "id": 8,
        "name": "aspect_ratio",
        "values": [
          "1",
          "2",
          "3",
          "4",
          "5"
        ]
      }
    },
    "9": {
      "probs": [
        0.346723044397463,
        0.26004228329809725,
        0.10147991543340382,
        0.14587737843551798,
        0.14587737843551798,
        0.3114406779661017,
        0.288135593220339,
        0.13347457627118645,
        0.11440677966101696,
        0.15254237288135594,
        0.3298097251585624,
        0.29175475687103597,
        0.17970401691331925,
        0.11839323467230445,
        0.08033826638477802,
        0.3283898305084746,
        0.2796610169491526,
        0.19279661016949154,
        0.10169491525423728,
        0.09745762711864406,
        0.2854122621564482,
        0.3107822410147992,
        0.14587737843551798,
        0.13953488372093026,
        0.11839323467230445,
        0.3241525423728814,
        0.35169491525423735,
        0.1822033898305085,
        0.06355932203389832,
        0.07838983050847459,
        0.3995771670190275,
        0.3128964059196618,
        0.15010570824524314,
        0.016913319238900635,
        0.12050739957716704
      ],
      "variable": {
        "id": 9,
        "name": "effective_ion_charge",
        "values": [
          "1",
          "2",
          "3",
          "4",
          "5"
        ]
      }
    },
    "10": {
      "probs": [
        0.038054968287526435,
        0.0824524312896406,
        0.16701902748414377,
        0.26849894291754756,
        0.4439746300211417,
        0.019067796610169493,
        0.1271186440677966,
        0.18220338983050846,
        0.23093220338983048,
        0.4406779661016949,
        0.016913319238900635,
        0.0718816067653277,
        0.19238900634249473,
        0.2769556025369979,
        0.4418604651162791,
        0.0423728813559322,
        0.10593220338983052,
        0.2542372881355932,
        0.2097457627118644,
        0.3877118644067796,
        0.014799154334038053,
        0.12050739957716701,
        0.32980972515856233,
        0.2304439746300211,
        0.3044397463002114,
        0.06144067796610169,
        0.2097457627118644,
        0.22245762711864406,
        0.2521186440677966,
        0.2542372881355932,
        0.029598308668076112,
        0.07399577167019028,
        0.30021141649048627,
        0.2875264270613108,
        0.3086680761099366
      ],
      "variable": {
        "id": 10,
        "name": "toroidal_field_on_plasma",
        "values": [
          "1",
          "2",
          "3",
          "4",
          "5"
        ]
      }
    },
    "11": {
      "probs": [
        0.14298669891172913,
        0.14268440145102781,
        0.14298669891172913,
        0.14268440145102781,
        0.14298669891172913,
        0.14268440145102781,
        0.14298669891172913
      ],
      "variable": {
        "id": 11,
        "name": "CAPITAL_COST_2021_PRICES_million_USD",
        "values": [
          "1",
          "2",
          "3",
          "4",
          "5",
          "6",
          "7"
        ]
      }
    }
  },
  "jt": {
    "edges": [
      "7-11-11-10-11",
      "7-11-11-8-11",
      "7-11-11-9-11"
    ],
    "nodes": {
      "10-11": {
        "node_ids": [
          10,
          11
        ],
        "type": "clique"
      },
      "7-11": {
        "node_ids": [
          11,
          7
        ],
        "type": "clique"
      },
      "7-11-11-10-11": {
        "left": "7-11",
        "right": "10-11",
        "type": "sepset"
      },
      "7-11-11-8-11": {
        "left": "7-11",
        "right": "8-11",
        "type": "sepset"
      },
      "7-11-11-9-11": {
        "left": "7-11",
        "right": "9-11",
        "type": "sepset"
      },
      "8-11": {
        "node_ids": [
          8,
          11
        ],
        "type": "clique"
      },
      "9-11": {
        "node_ids": [
          9,
          11
        ],
        "type": "clique"
      }
    },
    "parent_info": {
      "10": [
        11
      ],
      "7": [
        11
      ],
      "8": [
        11
      ],
      "9": [
        11
      ]
    }
  }
}