{
  "bbn_nodes": {
    "8": {
      "probs": [
        0.5964912280701755,
        0.2719298245614035,
        0.10526315789473685,
        0.026315789473684213,
        0.0,
        0.0,
        0.0,
        0.0,
        0.16666666666666669,
        0.2719298245614035,
        0.29824561403508776,
        0.21929824561403508,
        0.04385964912280702,
        0.0,
        0.0,
        0.0,
        0.11607142857142858,
        0.16071428571428573,
        0.13392857142857142,
        0.2142857142857143,
        0.25,
        0.125,
        0.0,
        0.0,
        0.08181818181818182,
        0.12727272727272726,
        0.07272727272727272,
        0.12727272727272726,
        0.16363636363636364,
        0.2181818181818182,
        0.13636363636363635,
        0.07272727272727272,
        0.08181818181818182,
        0.06363636363636363,
        0.12727272727272726,
        0.08181818181818182,
        0.15454545454545454,
        0.1090909090909091,
        0.18181818181818182,
        0.2,
        0.0,
        0.08771929824561403,
        0.11403508771929823,
        0.12280701754385963,
        0.17543859649122806,
        0.18421052631578946,
        0.12280701754385963,
        0.19298245614035087,
        0.0,
        0.0,
        0.08849557522123894,
        0.15044247787610618,
        0.1150442477876106,
        0.15044247787610618,
        0.23893805309734512,
        0.25663716814159293,
        0.0,
        0.0,
        0.0,
        0.017699115044247787,
        0.15044247787610618,
        0.22123893805309733,
        0.2743362831858407,
        0.336283185840708
      ],
      "variable": {
        "id": 8,
        "name": "force",
        "values": [
          "1",
          "2",
          "3",
          "4",
          "5",
          "6",
          "7",
          "8"
        ]
      }
    },
    "9": {
      "probs": [
        0.0,
        0.0,
        0.0,
        0.06140350877192982,
        0.14912280701754388,
        0.14035087719298248,
        0.24561403508771928,
        0.4035087719298246,
        0.0,
        0.0,
        0.061403508771929814,
        0.16666666666666666,
        0.19298245614035087,
        0.12280701754385963,
        0.2807017543859649,
        0.17543859649122806,
        0.0,
        0.08035714285714286,
        0.09821428571428573,
        0.16071428571428573,
        0.08928571428571429,
        0.20535714285714288,
        0.19642857142857145,
        0.16964285714285715,
        0.03636363636363636,
        0.1,
        0.09090909090909091,
        0.07272727272727272,
        0.15454545454545454,
        0.16363636363636364,
        0.2,
        0.18181818181818182,
        0.1,
        0.09090909090909091,
        0.1090909090909091,
        0.1,
        0.15454545454545454,
        0.14545454545454545,
        0.2181818181818182,
        0.08181818181818182,
        0.10526315789473685,
        0.1929824561403509,
        0.1754385964912281,
        0.14035087719298248,
        0.1929824561403509,
        0.16666666666666669,
        0.026315789473684213,
        0.0,
        0.1946902654867257,
        0.16814159292035402,
        0.22123893805309736,
        0.3008849557522124,
        0.11504424778761062,
        0.0,
        0.0,
        0.0,
        0.5398230088495576,
        0.30088495575221236,
        0.1592920353982301,
        0.0,
        0.0,
        0.0,
        0.0,
        0.0
      ],
      "variable": {
        "id": 9,
        "name": "mass",
        "values": [
          "1",
          "2",
          "3",
          "4",
          "5",
          "6",
          "7",
          "8"
        ]
      }
    },
    "10": {
      "probs": [
        0.12666666666666668,
        0.12666666666666668,
        0.12444444444444444,
        0.12222222222222222,
        0.12222222222222222,
        0.12666666666666668,
        0.12555555555555556,
        0.12555555555555556
      ],
      "variable": {
        "id": 10,
        "name": "acceleration",
        "values": [
          "1",
          "2",
          "3",
          "4",
          "5",
          "6",
          "7",
          "8"
        ]
      }
    }
  },
  "jt": {
    "edges": [
      "8-10-10-9-10"
    ],
    "nodes": {
      "8-10": {
        "node_ids": [
          8,
          10
        ],
        "type": "clique"
      },
      "8-10-10-9-10": {
        "left": "8-10",
        "right": "9-10",
        "type": "sepset"
      },
      "9-10": {
        "node_ids": [
          9,
          10
        ],
        "type": "clique"
      }
    },
    "parent_info": {
      "8": [
        10
      ],
      "9": [
        10
      ]
    }
  }
}