{
  "bbn_nodes": {
    "8": {
      "probs": [
        0.10551558752997602,
        0.12949640287769784,
        0.11510791366906475,
        0.1223021582733813,
        0.1342925659472422,
        0.14388489208633093,
        0.12150279776179058,
        0.1278976818545164,
        0.1494345718901454,
        0.12924071082390953,
        0.12116316639741519,
        0.13974151857835218,
        0.13085621970920838,
        0.10016155088852989,
        0.1332794830371567,
        0.09612277867528271,
        0.12459807073954984,
        0.10691318327974277,
        0.13344051446945338,
        0.11254019292604503,
        0.1197749196141479,
        0.13424437299035372,
        0.12379421221864953,
        0.14469453376205788,
        0.12220447284345048,
        0.12060702875399361,
        0.1293929712460064,
        0.13658146964856233,
        0.11980830670926519,
        0.1246006389776358,
        0.1317891373801917,
        0.11501597444089458,
        0.11485943775100402,
        0.13654618473895583,
        0.13734939759036147,
        0.13574297188755022,
        0.11244979919678716,
        0.12530120481927715,
        0.12208835341365464,
        0.11566265060240966,
        0.1119047619047619,
        0.1349206349206349,
        0.13095238095238096,
        0.13412698412698415,
        0.1404761904761905,
        0.10634920634920636,
        0.12063492063492065,
        0.12063492063492065,
        0.12649164677804298,
        0.11614956245027845,
        0.10978520286396182,
        0.11694510739856802,
        0.13444709626093876,
        0.13603818615751792,
        0.1249005568814638,
        0.13524264120922833
      ],
      "variable": {
        "id": 8,
        "name": "fdene",
        "values": [
          "1",
          "2",
          "3",
          "4",
          "5",
          "6",
          "7",
          "8"
        ]
      }
    },
    "9": {
      "probs": [
        0.13908872901678657,
        0.11670663469224621,
        0.13269384492406075,
        0.12150279776179058,
        0.12549960031974422,
        0.1366906474820144,
        0.12070343725019984,
        0.10711430855315748,
        0.12681744749596122,
        0.13489499192245558,
        0.12520193861066237,
        0.13812600969305333,
        0.1478190630048465,
        0.11712439418416801,
        0.10904684975767366,
        0.10096930533117932,
        0.10530546623794212,
        0.13906752411575565,
        0.12540192926045018,
        0.12057877813504825,
        0.11897106109324761,
        0.13504823151125403,
        0.1487138263665595,
        0.10691318327974277,
        0.1413738019169329,
        0.10303514376996804,
        0.15255591054313097,
        0.1182108626198083,
        0.1365814696485623,
        0.12300319488817892,
        0.12300319488817892,
        0.10223642172523961,
        0.13493975903614458,
        0.12289156626506023,
        0.09397590361445783,
        0.15261044176706828,
        0.1357429718875502,
        0.12048192771084337,
        0.10602409638554217,
        0.13333333333333333,
        0.13015873015873017,
        0.10396825396825397,
        0.15,
        0.12936507936507938,
        0.12063492063492065,
        0.11031746031746031,
        0.1246031746031746,
        0.13095238095238096,
        0.10501193317422435,
        0.14956245027844076,
        0.13046937151949087,
        0.11455847255369929,
        0.10023866348448687,
        0.15194908512330949,
        0.1288782816229117,
        0.11933174224343676
      ],
      "variable": {
        "id": 9,
        "name": "fimp14",
        "values": [
          "1",
          "2",
          "3",
          "4",
          "5",
          "6",
          "7",
          "8"
        ]
      }
    },
    "10": {
      "probs": [
        0.1454836131095124,
        0.1310951239008793,
        0.13828936850519585,
        0.15507593924860114,
        0.1111111111111111,
        0.0959232613908873,
        0.09832134292565949,
        0.12470023980815349,
        0.10096930533117932,
        0.11954765751211632,
        0.10662358642972536,
        0.12197092084006461,
        0.13812600969305333,
        0.1284329563812601,
        0.13651050080775445,
        0.1478190630048465,
        0.12942122186495178,
        0.12138263665594856,
        0.12218649517684889,
        0.09003215434083602,
        0.12057877813504825,
        0.1454983922829582,
        0.1559485530546624,
        0.11495176848874598,
        0.11421725239616612,
        0.12140575079872205,
        0.13338658146964857,
        0.15575079872204473,
        0.13817891373801916,
        0.0998402555910543,
        0.12619808306709265,
        0.11102236421725238,
        0.10522088353413654,
        0.1108433734939759,
        0.11566265060240964,
        0.11726907630522089,
        0.13012048192771083,
        0.1646586345381526,
        0.1140562248995984,
        0.14216867469879518,
        0.1246031746031746,
        0.14365079365079364,
        0.1349206349206349,
        0.12936507936507938,
        0.12380952380952383,
        0.10396825396825397,
        0.12222222222222223,
        0.11746031746031747,
        0.11376292760540971,
        0.11058074781225138,
        0.11933174224343676,
        0.11217183770883055,
        0.1249005568814638,
        0.1296738265712013,
        0.14478918058870327,
        0.14478918058870327
      ],
      "variable": {
        "id": 10,
        "name": "pseprmax",
        "values": [
          "1",
          "2",
          "3",
          "4",
          "5",
          "6",
          "7",
          "8"
        ]
      }
    },
    "11": {
      "probs": [
        0.1278976818545164,
        0.13589128697042366,
        0.1334932054356515,
        0.1223021582733813,
        0.1398880895283773,
        0.10631494804156676,
        0.12070343725019984,
        0.1135091926458833,
        0.11550888529886914,
        0.11873990306946688,
        0.1122778675282714,
        0.1276252019386107,
        0.10985460420032311,
        0.1324717285945073,
        0.12681744749596124,
        0.15670436187399034,
        0.1229903536977492,
        0.12379421221864953,
        0.13344051446945338,
        0.11897106109324761,
        0.12057877813504825,
        0.10932475884244373,
        0.14228295819935693,
        0.12861736334405144,
        0.12859424920127796,
        0.12859424920127796,
        0.11661341853035144,
        0.15175718849840256,
        0.11102236421725238,
        0.11501597444089456,
        0.11661341853035144,
        0.13178913738019168,
        0.12048192771084337,
        0.12690763052208837,
        0.13092369477911647,
        0.10200803212851405,
        0.1397590361445783,
        0.14779116465863454,
        0.12449799196787148,
        0.10763052208835341,
        0.12142857142857143,
        0.12539682539682542,
        0.11507936507936507,
        0.13333333333333333,
        0.14920634920634923,
        0.15317460317460319,
        0.09841269841269842,
        0.10396825396825397,
        0.13126491646778043,
        0.12490055688146379,
        0.12410501193317422,
        0.11933174224343675,
        0.11614956245027844,
        0.11137629276054097,
        0.13683373110580746,
        0.1360381861575179
      ],
      "variable": {
        "id": 11,
        "name": "feffcd",
        "values": [
          "1",
          "2",
          "3",
          "4",
          "5",
          "6",
          "7",
          "8"
        ]
      }
    },