{
  "bbn_nodes": {
    "7": {
      "probs": [
        0.4545454545454546,
        0.38461538461538464,
        0.14685314685314688,
        0.013986013986013988,
        0.0,
        0.2517482517482518,
        0.2097902097902098,
        0.2097902097902098,
        0.2167832167832168,
        0.1118881118881119,
        0.1258741258741259,
        0.19580419580419584,
        0.25874125874125875,
        0.15384615384615385,
        0.26573426573426573,
        0.2535211267605634,
        0.1971830985915493,
        0.21126760563380284,
        0.1971830985915493,
        0.14084507042253522,
        0.17482517482517484,
        0.17482517482517484,
        0.2097902097902098,
        0.29370629370629375,
        0.14685314685314688,
        0.1188811188811189,
        0.2377622377622378,
        0.19580419580419584,
        0.2447552447552448,
        0.2027972027972028,
        0.0,
        0.06993006993006992,
        0.20979020979020974,
        0.24475524475524474,
        0.47552447552447547
      ],
      "variable": {
        "id": 7,
        "name": "force",
        "values": [
          "1",
          "2",
          "3",
          "4",
          "5"
        ]
      }
    },
    "8": {
      "probs": [
        0.0,
        0.0,
        0.0,
        0.16783216783216784,
        0.8321678321678322,
        0.0,
        0.0,
        0.10489510489510487,
        0.4685314685314685,
        0.4265734265734265,
        0.0,
        0.02097902097902098,
        0.3006993006993007,
        0.39860139860139865,
        0.27972027972027974,
        0.0,
        0.37323943661971826,
        0.3943661971830985,
        0.22535211267605632,
        0.00704225352112676,
        0.19580419580419578,
        0.37762237762237755,
        0.4055944055944055,
        0.020979020979020976,
        0.0,
        0.4195804195804196,
        0.4125874125874126,
        0.16783216783216784,
        0.0,
        0.0,
        0.7552447552447553,
        0.2447552447552448,
        0.0,
        0.0,
        0.0
      ],
      "variable": {
        "id": 8,
        "name": "mass",
        "values": [
          "1",
          "2",
          "3",
          "4",
          "5"
        ]
      }
    },
    "9": {
      "probs": [
        0.143,
        0.143,
        0.143,
        0.142,
        0.143,
        0.143,
        0.143
      ],
      "variable": {
        "id": 9,
        "name": "acceleration",
        "values": [
          "1",
          "2",
          "3",
          "4",
          "5",
          "6",
          "7"
        ]
      }
    }
  },
  "jt": {
    "edges": [
      "7-9-9-8-9"
    ],
    "nodes": {
      "7-9": {
        "node_ids": [
          9,
          7
        ],
        "type": "clique"
      },
      "7-9-9-8-9": {
        "left": "7-9",
        "right": "8-9",
        "type": "sepset"
      },
      "8-9": {
        "node_ids": [
          8,
          9
        ],
        "type": "clique"
      }
    },
    "parent_info": {
      "7": [
        9
      ],
      "8": [
        9
      ]
    }
  }
}