{
  "bbn_nodes": {
    "4": {
      "probs": [
        0.3305133188521779,
        0.33325711672573455,
        0.33622956442208757
      ],
      "variable": {
        "id": 4,
        "name": "capcost",
        "values": [
          "1",
          "2",
          "3"
        ]
      }
    },
    "5": {
      "probs": [
        0.2566585956416465,
        0.25492909028017985,
        0.25492909028017985,
        0.2334832237979938,
        0.23567753001715266,
        0.26003430531732424,
        0.24219554030874788,
        0.26209262435677533,
        0.25059503570214214,
        0.24447466848010882,
        0.26113566814008843,
        0.24379462767766066
      ],
      "variable": {
        "id": 5,
        "name": "fdene",
        "values": [
          "1",
          "2",
          "3",
          "4"
        ]
      }
    },
    "6": {
      "probs": [
        0.2594258042199931,
        0.25492909028017985,
        0.25977170529228644,
        0.22587340020754065,
        0.25626072041166387,
        0.25042881646655235,
        0.25969125214408234,
        0.23361921097770155,
        0.2393743624617477,
        0.25399523971438287,
        0.2482148928935736,
        0.2584155049302958
      ],
      "variable": {
        "id": 6,
        "name": "fimp14",
        "values": [
          "1",
          "2",
          "3",
          "4"
        ]
      }
    },
    "7": {
      "probs": [
        0.24178484953303359,
        0.24282255274991354,
        0.25354548599100657,
        0.26184711172604636,
        0.24802744425385934,
        0.26106346483704973,
        0.24871355060034306,
        0.24219554030874785,
        0.23427405644338659,
        0.25195511730703846,
        0.25161509690581435,
        0.26215572934376064
      ],
      "variable": {
        "id": 7,
        "name": "pseprmax",
        "values": [
          "1",
          "2",
          "3",
          "4"
        ]
      }
    },
    "8": {
      "probs": [
        0.2469733656174334,
        0.2570044967139398,
        0.2393635420269803,
        0.2566585956416465,
        0.24802744425385934,
        0.2569468267581475,
        0.2514579759862779,
        0.24356775300171526,
        0.24787487249234955,
        0.23869432165929957,
        0.2597755865351921,
        0.25365521931315876
      ],
      "variable": {
        "id": 8,
        "name": "feffcd",
        "values": [
          "1",
          "2",
          "3",
          "4"
        ]
      }
    },
    "9": {
      "probs": [
        0.042891732964372195,
        0.22448979591836737,
        0.35524040124524386,
        0.3773780698720166,
        0.46037735849056605,
        0.28885077186963987,
        0.14579759862778735,
        0.10497427101200688,
        0.2607956477388643,
        0.24957497449846988,
        0.24855491329479762,
        0.24107446446786804
      ],
      "variable": {
        "id": 9,
        "name": "aspect",
        "values": [
          "1",
          "2",
          "3",
          "4"
        ]
      }
    },
    "10": {
      "probs": [
        0.23244552058111378,
        0.2383258388101003,
        0.2611553095814597,
        0.2680733310273262,
        0.20274442538593482,
        0.251114922813036,
        0.2686106346483705,
        0.2775300171526587,
        0.31553893233594016,
        0.25467528051683097,
        0.22747364841890513,
        0.2023121387283237
      ],
      "variable": {
        "id": 10,
        "name": "boundu2",
        "values": [
          "1",
          "2",
          "3",
          "4"
        ]
      }
    },
    "11": {
      "probs": [
        0.1895537876167416,
        0.2334832237979938,
        0.2673815288827395,
        0.3095814597025251,
        0.26380789022298456,
        0.2569468267581475,
        0.2521440823327616,
        0.22710120068610634,
        0.27473648418905133,
        0.2516150969058143,
        0.24073444406664396,
        0.23291397483849027
      ],
      "variable": {
        "id": 11,
        "name": "outlet_temp",
        "values": [
          "1",
          "2",
          "3",
          "4"
        ]
      }
    },
    "12": {
      "probs": [
        0.0,
        0.04392943618125216,
        0.3687305430646835,
        0.5873400207540643,
        0.004802744425385935,
        0.4243567753001715,
        0.38284734133790743,
        0.18799313893653516,
        0.6844610676640599,
        0.3114586875212513,
        0.004080244814688882,
        0.0
      ],
      "variable": {
        "id": 12,
        "name": "beta",
        "values": [
          "1",
          "2",
          "3",
          "4"
        ]
      }
    },
    "13": {
      "probs": [
        0.19439640262884814,
        0.2421307506053269,
        0.2711864406779661,
        0.2922864060878589,
        0.2765008576329331,
        0.2555746140651801,
        0.23361921097770152,
        0.23430531732418525,
        0.26317579054743284,
        0.25807548452907175,
        0.24719483168990142,
        0.23155389323359402
      ],
      "variable": {
        "id": 13,
        "name": "etanbi",
        "values": [
          "1",
          "2",
          "3",
          "4"
        ]
      }
    }
  },
  "jt": {
    "edges": [
      "4-10-4-4-11",
      "4-10-4-4-12",
      "4-10-4-4-13",
      "4-5-4-4-10",
      "4-5-4-4-6",
      "4-5-4-4-7",
      "4-5-4-4-8",
      "4-5-4-4-9"
    ],
    "nodes": {
      "4-10": {
        "node_ids": [
          10,
          4
        ],
        "type": "clique"
      },
      "4-10-4-4-11": {
        "left": "4-10",
        "right": "4-11",
        "type": "sepset"
      },
      "4-10-4-4-12": {
        "left": "4-10",
        "right": "4-12",
        "type": "sepset"
      },
      "4-10-4-4-13": {
        "left": "4-10",
        "right": "4-13",
        "type": "sepset"
      },
      "4-11": {
        "node_ids": [
          11,
          4
        ],
        "type": "clique"
      },
      "4-12": {
        "node_ids": [
          4,
          12
        ],
        "type": "clique"
      },
      "4-13": {
        "node_ids": [
          4,
          13
        ],
        "type": "clique"
      },
      "4-5": {
        "node_ids": [
          4,
          5
        ],
        "type": "clique"
      },
      "4-5-4-4-10": {
        "left": "4-5",
        "right": "4-10",
        "type": "sepset"
      },
      "4-5-4-4-6": {
        "left": "4-5",
        "right": "4-6",
        "type": "sepset"
      },
      "4-5-4-4-7": {
        "left": "4-5",
        "right": "4-7",
        "type": "sepset"
      },
      "4-5-4-4-8": {
        "left": "4-5",
        "right": "4-8",
        "type": "sepset"
      },
      "4-5-4-4-9": {
        "left": "4-5",
        "right": "4-9",
        "type": "sepset"
      },
      "4-6": {
        "node_ids": [
          4,
          6
        ],
        "type": "clique"
      },
      "4-7": {
        "node_ids": [
          4,
          7
        ],
        "type": "clique"
      },
      "4-8": {
        "node_ids": [
          8,
          4
        ],
        "type": "clique"
      },
      "4-9": {
        "node_ids": [
          9,
          4
        ],
        "type": "clique"
      }
    },
    "parent_info": {
      "10": [
        4
      ],
      "11": [
        4
      ],
      "12": [
        4
      ],
      "13": [
        4
      ],
      "5": [
        4
      ],
      "6": [
        4
      ],
      "7": [
        4
      ],
      "8": [
        4
      ],
      "9": [
        4
      ]
    }
  }
}