{
  "bbn_nodes": {
    "7": {
      "probs": [
        0.5463108320251178,
        0.3281004709576138,
        0.12244897959183673,
        0.0031397174254317113,
        0.0,
        0.0,
        0.0,
        0.2087227414330218,
        0.26168224299065423,
        0.26635514018691586,
        0.20716510903426794,
        0.056074766355140186,
        0.0,
        0.0,
        0.12168486739469579,
        0.1232449297971919,
        0.15756630265210608,
        0.20280811232449297,
        0.23556942277691106,
        0.1544461778471139,
        0.0046801872074883,
        0.10172143974960877,
        0.1236306729264476,
        0.13145539906103287,
        0.1643192488262911,
        0.1377151799687011,
        0.1752738654147105,
        0.16588419405320814,
        0.01851851851851852,
        0.11574074074074074,
        0.1388888888888889,
        0.13734567901234568,
        0.1712962962962963,
        0.19598765432098766,
        0.22222222222222224,
        0.0,
        0.034055727554179564,
        0.13157894736842105,
        0.21671826625386992,
        0.1764705882352941,
        0.2198142414860681,
        0.22136222910216716,
        0.0,
        0.0,
        0.003091190108191654,
        0.07727975270479136,
        0.1823802163833076,
        0.321483771251932,
        0.41576506955177744
      ],
      "variable": {
        "id": 7,
        "name": "force",
        "values": [
          "1",
          "2",
          "3",
          "4",
          "5",
          "6",
          "7"
        ]
      }
    },
    "8": {
      "probs": [
        0.0,
        0.0,
        0.0031397174254317113,
        0.09733124018838306,
        0.23233908948194665,
        0.27001569858712715,
        0.3971742543171115,
        0.0,
        0.03115264797507788,
        0.1292834890965732,
        0.19937694704049846,
        0.22429906542056074,
        0.21183800623052962,
        0.20404984423676015,
        0.02964118564742589,
        0.11232449297971918,
        0.09204368174726989,
        0.16068642745709827,
        0.17628705148205928,
        0.19500780031201245,
        0.23400936037441494,
        0.1048513302034429,
        0.1158059467918623,
        0.15023474178403756,
        0.1455399061032864,
        0.1455399061032864,
        0.16901408450704228,
        0.16901408450704228,
        0.12808641975308643,
        0.1558641975308642,
        0.14351851851851852,
        0.2160493827160494,
        0.22222222222222224,
        0.12808641975308643,
        0.00617283950617284,
        0.22600619195046442,
        0.2337461300309598,
        0.2662538699690403,
        0.22755417956656349,
        0.04643962848297215,
        0.0,
        0.0,
        0.5100463678516229,
        0.3369397217928903,
        0.15301391035548687,
        0.0,
        0.0,
        0.0,
        0.0
      ],
      "variable": {
        "id": 8,
        "name": "mass",
        "values": [
          "1",
          "2",
          "3",
          "4",
          "5",
          "6",
          "7"
        ]
      }
    },
    "9": {
      "probs": [
        0.14155555555555555,
        0.14266666666666666,
        0.14244444444444446,
        0.142,
        0.144,
        0.14355555555555555,
        0.14377777777777778
      ],
      "variable": {
        "id": 9,
        "name": "acceleration",
        "values": [
          "1",
          "2",
          "3",
          "4",
          "5",
          "6",
          "7"
        ]
      }
    }
  },
  "jt": {
    "edges": [
      "7-9-9-8-9"
    ],
    "nodes": {
      "7-9": {
        "node_ids": [
          9,
          7
        ],
        "type": "clique"
      },
      "7-9-9-8-9": {
        "left": "7-9",
        "right": "8-9",
        "type": "sepset"
      },
      "8-9": {
        "node_ids": [
          8,
          9
        ],
        "type": "clique"
      }
    },
    "parent_info": {
      "7": [
        9
      ],
      "8": [
        9
      ]
    }
  }
}