{
  "bbn_nodes": {
    "8": {
      "probs": [
        0.18073394495412845,
        0.2,
        0.19266055045871558,
        0.22293577981651377,
        0.2036697247706422,
        0.23464711274060496,
        0.1778185151237397,
        0.18698441796516957,
        0.18881759853345553,
        0.21173235563703025,
        0.18249534450651772,
        0.19553072625698323,
        0.20577281191806332,
        0.2122905027932961,
        0.20391061452513967,
        0.17641764176417643,
        0.198019801980198,
        0.24392439243924394,
        0.207020702070207,
        0.17461746174617462,
        0.18904109589041096,
        0.2100456621004566,
        0.19452054794520549,
        0.1917808219178082,
        0.2146118721461187,
        0.22672811059907835,
        0.20184331797235022,
        0.17788018433179723,
        0.19078341013824884,
        0.20276497695852533,
        0.2156505914467698,
        0.2456778889899909,
        0.21383075523202913,
        0.15923566878980894,
        0.1656050955414013,
        0.17785843920145192,
        0.1751361161524501,
        0.20871143375680581,
        0.2177858439201452,
        0.220508166969147
      ],
      "variable": {
        "id": 8,
        "name": "fdene",
        "values": [
          "1",
          "2",
          "3",
          "4",
          "5"
        ]
      }
    },
    "9": {
      "probs": [
        0.1834862385321101,
        0.22201834862385322,
        0.1834862385321101,
        0.20917431192660552,
        0.2018348623853211,
        0.21723189734188816,
        0.20439963336388636,
        0.24289642529789185,
        0.1860678276810266,
        0.14940421631530706,
        0.1824953445065177,
        0.20391061452513962,
        0.17783985102420855,
        0.22625698324022342,
        0.2094972067039106,
        0.19171917191719173,
        0.198019801980198,
        0.22412241224122412,
        0.20522052205220523,
        0.18091809180918092,
        0.23835616438356164,
        0.18356164383561643,
        0.20730593607305933,
        0.19908675799086756,
        0.17168949771689498,
        0.20921658986175112,
        0.176036866359447,
        0.26543778801843315,
        0.15023041474654378,
        0.19907834101382488,
        0.16742493175614195,
        0.22565969062784352,
        0.1565059144676979,
        0.24658780709736125,
        0.20382165605095542,
        0.20054446460980035,
        0.22141560798548093,
        0.16787658802177857,
        0.220508166969147,
        0.1896551724137931
      ],
      "variable": {
        "id": 9,
        "name": "fimp14",
        "values": [
          "1",
          "2",
          "3",
          "4",
          "5"
        ]
      }
    },
    "10": {
      "probs": [
        0.23577981651376148,
        0.2018348623853211,
        0.20825688073394494,
        0.16238532110091744,
        0.19174311926605506,
        0.2071494042163153,
        0.16590284142988085,
        0.18973418881759854,
        0.21723189734188816,
        0.21998166819431716,
        0.18342644320297952,
        0.17783985102420857,
        0.19273743016759778,
        0.22625698324022347,
        0.2197392923649907,
        0.1854185418541854,
        0.22142214221422143,
        0.19891989198919893,
        0.19531953195319532,
        0.19891989198919893,
        0.19908675799086756,
        0.20456621004566208,
        0.21278538812785386,
        0.19269406392694063,
        0.1908675799086758,
        0.18525345622119815,
        0.18801843317972347,
        0.20368663594470046,
        0.2313364055299539,
        0.19170506912442395,
        0.19745222929936307,
        0.21292083712465878,
        0.2156505914467698,
        0.17652411282984531,
        0.19745222929936307,
        0.1705989110707804,
        0.1923774954627949,
        0.20235934664246824,
        0.19419237749546278,
        0.24047186932849365
      ],
      "variable": {
        "id": 10,
        "name": "pseprmax",
        "values": [
          "1",
          "2",
          "3",
          "4",
          "5"
        ]
      }
    },
    "11": {
      "probs": [
        0.20275229357798166,
        0.19357798165137616,
        0.20458715596330276,
        0.2,
        0.19908256880733946,
        0.20348304307974335,
        0.1851512373968836,
        0.1778185151237397,
        0.19615032080659944,
        0.23739688359303393,
        0.20297951582867785,
        0.21042830540037244,
        0.19087523277467414,
        0.19273743016759778,
        0.20297951582867785,
        0.19711971197119713,
        0.21602160216021601,
        0.19171917191719173,
        0.1701170117011701,
        0.225022502250225,
        0.2118721461187215,
        0.2182648401826484,
        0.19726027397260276,
        0.2118721461187215,
        0.16073059360730596,
        0.19631336405529953,
        0.17511520737327188,
        0.19723502304147464,
        0.24976958525345622,
        0.18156682027649768,
        0.21747042766151045,
        0.178343949044586,
        0.21838034576888082,
        0.2383985441310282,
        0.14740673339399454,
        0.1823956442831216,
        0.21687840290381127,
        0.19782214156079855,
        0.15426497277676954,
        0.24863883847549909
      ],
      "variable": {
        "id": 11,
        "name": "feffcd",
        "values": [
          "1",
          "2",
          "3",
          "4",
          "5"
        ]
      }
    },
    "12": {
      "probs": [
        0.0,
        0.0,
        0.037614678899082564,
        0.371559633027523,
        0.5908256880733945,
        0.0,
        0.12557286892758937,
        0.3235563703024748,
        0.385884509624198,
        0.16498625114573787,
        0.0940409683426443,
        0.4292364990689012,
        0.2895716945996275,
        0.12942271880819364,
        0.05772811918063314,
        0.4185418541854185,
        0.32223222322232226,
        0.1422142214221422,
        0.0459045904590459,
        0.0711071107110711,
        0.41278538812785387,
        0.18264840182648404,
        0.2,
        0.09406392694063927,
        0.11050228310502283,
        0.2967741935483871,
        0.21105990783410136,
        0.19723502304147464,
        0.1695852534562212,
        0.12534562211981568,
        0.19199272065514106,
        0.18016378525932666,
        0.22383985441310283,
        0.18926296633303002,
        0.21474067333939947,
        0.21415607985480944,
        0.16969147005444646,
        0.2014519056261343,
        0.19600725952813067,
        0.2186932849364791
      ],
      "variable": {
        "id": 12,
        "name": "aspect",
        "values": [
          "1",
          "2",
          "3",
          "4",
          "5"
        ]
      }
    },
    "13": {
      "probs": [
        0.17339449541284402,
        0.20458715596330276,
        0.19908256880733946,
        0.20275229357798166,
        0.22018348623853212,
        0.20348304307974335,
        0.18240146654445463,
        0.21173235563703025,
        0.19706691109074245,
        0.20531622364802934,
        0.17411545623836125,
        0.1713221601489758,
        0.18063314711359404,
        0.2579143389199255,
        0.2160148975791434,
        0.1638163816381638,
        0.21242124212421243,
        0.2304230423042304,
        0.20972097209720972,
        0.1836183618361836,
        0.14794520547945203,
        0.18447488584474886,
        0.1735159817351598,
        0.2401826484018265,
        0.25388127853881276,
        0.2009216589861751,
        0.15023041474654378,
        0.19262672811059908,
        0.2009216589861751,
        0.2552995391705069,
        0.19927206551410376,
        0.25204731574158323,
        0.20746132848043677,
        0.15468607825295724,
        0.18653321201091902,
        0.32486388384754994,
        0.23684210526315788,
        0.1996370235934664,
        0.1424682395644283,
        0.09618874773139745
      ],
      "variable": {
        "id": 13,
        "name": "boundu2",