{
    "fdene": [
        0.8499957031250001,
        0.875146484375,
        0.90009765625,
        0.925048828125,
        0.95,
        0.974951171875,
        0.99990234375,
        1.024853515625,
        1.0498046875
    ],
    "fimp14": [
        9.99806640625e-06,
        2.131591796875e-05,
        3.25439453125e-05,
        4.3771972656249994e-05,
        5.4999999999999995e-05,
        6.622802734375e-05,
        7.74560546875e-05,
        8.868408203125e-05,
        9.9912109375e-05
    ],
    "pseprmax": [
        19.999462890625,
        23.143310546875,
        26.26220703125,
        29.381103515625,
        32.5,
        35.618896484375,
        38.73779296875,
        41.856689453125,
        44.9755859375
    ],
    "feffcd": [
        0.79999140625,
        0.85029296875,
        0.9001953125000001,
        0.9500976562500001,
        1.0,
        1.0499023437500001,
        1.0998046875,
        1.1497070312500002,
        1.199609375
    ],
    "aspect": [
        1.799995703125,
        1.825146484375,
        1.85009765625,
        1.875048828125,
        1.9,
        1.924951171875,
        1.94990234375,
        1.974853515625,
        1.9998046875
    ],
    "boundu2": [
        3.499978515625,
        3.625732421875,
        3.75048828125,
        3.875244140625,
        4.0,
        4.124755859375,
        4.24951171875,
        4.374267578125,
        4.4990234375
    ],
    "outlet_temp": [
        792.9935546875,
        830.7197265625,
        868.146484375,
        905.5732421875,
        943.0,
        980.4267578125,
        1017.853515625,
        1055.2802734375,
        1092.70703125
    ],
    "beta": [
        0.0399965625,
        0.060117187499999995,
        0.080078125,
        0.1000390625,
        0.12,
        0.1399609375,
        0.159921875,
        0.1798828125,
        0.19984375
    ],
    "etanbi": [
        0.19999140624999998,
        0.25029296875,
        0.3001953125,
        0.35009765625,
        0.4,
        0.44990234375,
        0.4998046875,
        0.54970703125,
        0.599609375
    ],
    "capcost": [
        4550.5,
        4840.685714285714,
        5010.457142857143,
        5167.6,
        5440.9,
        6239.1,
        8820.314285714285,
        33788.0
    ]
}