{
    "Input1": [
        0.0004358507100228,
        0.19380934191840332,
        0.39537806058047587,
        0.6069875897517837,
        0.8133184815481481,
        0.9997939980286152
    ],
    "Input2": [
        0.0001894137103538,
        0.20106162119965412,
        0.40231619082975717,
        0.594042936239167,
        0.7992714714810887,
        0.9999565756263736
    ],
    "Input3": [
        8.856215581787286e-05,
        0.19770303367662165,
        0.3961370720954433,
        0.6020190074951487,
        0.7982884402520866,
        0.9999212643442704
    ],
    "Input4": [
        0.0003643917868801,
        0.20687022887472223,
        0.4067272091516549,
        0.6027673104492699,
        0.8020016491757693,
        0.9999071182000918
    ],
    "Input5": [
        0.0002344671515326,
        0.19593644365929153,
        0.39013478658009837,
        0.6002118860443307,
        0.7922076098525822,
        0.9998900818304244
    ],
    "Output1": [
        0.0002110950158633,
        0.19571566899101583,
        0.4009428801340743,
        0.596990563217142,
        0.7961687301153735,
        0.9995126471308868
    ],
    "Output2": [
        0.0005242929298772,
        0.20407770754618965,
        0.4125812607127087,
        0.6062474644465177,
        0.8060997224769088,
        0.9999670300354822
    ],
    "Output3": [
        0.0003534573985664,
        0.19309568226656984,
        0.39048304134890083,
        0.5984085867118173,
        0.7962914600584955,
        0.999862663666759
    ]
}