{
    "major_radius": [
        3.0209168068306385,
        3.1847275336711753,
        3.347561258164751,
        3.510394982658327,
        3.6732287071519023,
        3.8360624316454777,
        3.9988961561390535
    ],
    "aspect_ratio": [
        1.7990434895553913,
        1.9154193139376212,
        2.031101047915981,
        2.146782781894341,
        2.2624645158727006,
        2.3781462498510604,
        2.49382798382942
    ],
    "effective_ion_charge": [
        1.1981519072379796,
        1.415815194647668,
        1.6321802914763843,
        1.8485453883051006,
        2.064910485133817,
        2.281275581962533,
        2.497640678791249
    ],
    "toroidal_field_on_plasma": [
        4.054521738589998,
        4.380192931395831,
        4.703921751282345,
        5.027650571168859,
        5.351379391055373,
        5.675108210941886,
        5.9988370308284
    ],
    "net_electrical_output": [
        1.0,
        14.0,
        37.0,
        56.0,
        70.0,
        86.0,
        140.0
    ],
    "capcost": [
        3833.79,
        4871.785,
        5145.736666666667,
        5333.47,
        5516.386666666666,
        5707.85,
        6258.06
    ],
    "high_grade_wasteheat": [
        223.0,
        397.83333333333326,
        507.0,
        548.5,
        588.0,
        634.0,
        769.0
    ],
    "Q_engineering": [
        1.0,
        1.1,
        1.2,
        1.3,
        1.4,
        1.5,
        1.9
    ]
}