{
    "major_radius": [
        3.022390104339591,
        3.348586553304869,
        3.6738073399103315,
        3.9990281265157934
    ],
    "aspect_ratio": [
        1.800825558465764,
        2.032308488116877,
        2.2630990460940588,
        2.4938896040712404
    ],
    "effective_ion_charge": [
        1.1976475992120328,
        1.6319139334132384,
        2.0648813653187275,
        2.4978487972242167
    ],
    "toroidal_field_on_plasma": [
        4.059434845801739,
        4.707419155133864,
        5.35346532595353,
        5.999511496773195
    ],
    "capcost": [
        2663.18,
        3599.5633333333335,
        4246.3533333333335,
        6537.86
    ],
    "Q_engineering": [
        1.0,
        1.5,
        1.9,
        2.5
    ],
    "high_grade_wasteheat": [
        316.0,
        633.0,
        989.6666666666665,
        2545.0
    ],
    "net_electrical_output": [
        0.0,
        70.0,
        151.0,
        498.0
    ]
}