{
    "major_radius": [
        3.0209168068306385,
        3.2661443959179635,
        3.510394982658327,
        3.75464556939869,
        3.9988961561390535
    ],
    "aspect_ratio": [
        1.7990434895553913,
        1.973260180926801,
        2.146782781894341,
        2.3203053828618803,
        2.49382798382942
    ],
    "effective_ion_charge": [
        1.1981519072379796,
        1.5239977430620262,
        1.8485453883051006,
        2.1730930335481746,
        2.497640678791249
    ],
    "toroidal_field_on_plasma": [
        4.054521738589998,
        4.542057341339088,
        5.027650571168859,
        5.513243800998629,
        5.9988370308284
    ],
    "net_electrical_output": [
        1.0,
        25.0,
        56.0,
        78.0,
        140.0
    ],
    "capcost": [
        3833.79,
        5023.77,
        5333.47,
        5608.3625,
        6258.06
    ],
    "high_grade_wasteheat": [
        223.0,
        477.0,
        548.5,
        609.0,
        769.0
    ],
    "Q_engineering": [
        1.0,
        1.2,
        1.3,
        1.5,
        1.9
    ]
}