{
    "force": [
        9.799675420108967,
        9.879920175211414,
        9.959765702676533,
        10.039611230141654,
        10.119456757606773,
        10.199302285071894
    ],
    "mass": [
        4.7998717309691745,
        4.8801269648999215,
        4.959982919059869,
        5.039838873219816,
        5.119694827379764,
        5.199550781539711
    ],
    "acceleration": [
        1.89520430376044,
        1.938228664785734,
        1.9646196000014835,
        1.9885652558259101,
        2.0122208348357034,
        2.0343917407510794,
        2.0584874467990653,
        2.1180290428375645
    ]
}