{
    "fdene": [
        0.8499957031250001,
        0.90009765625,
        0.95,
        0.99990234375,
        1.0498046875
    ],
    "fimp14": [
        9.99806640625e-06,
        3.25439453125e-05,
        5.4999999999999995e-05,
        7.74560546875e-05,
        9.9912109375e-05
    ],
    "pseprmax": [
        19.999462890625,
        26.26220703125,
        32.5,
        38.73779296875,
        44.9755859375
    ],
    "feffcd": [
        0.79999140625,
        0.9001953125000001,
        1.0,
        1.0998046875,
        1.199609375
    ],
    "aspect": [
        1.799995703125,
        1.85009765625,
        1.9,
        1.94990234375,
        1.9998046875
    ],
    "boundu2": [
        3.499978515625,
        3.75048828125,
        4.0,
        4.24951171875,
        4.4990234375
    ],
    "outlet_temp": [
        792.9935546875,
        868.146484375,
        943.0,
        1017.853515625,
        1092.70703125
    ],
    "beta": [
        0.0399965625,
        0.080078125,
        0.12,
        0.159921875,
        0.19984375
    ],
    "etanbi": [
        0.19999140624999998,
        0.3001953125,
        0.4,
        0.4998046875,
        0.599609375
    ],
    "capcost": [
        4550.5,
        5058.1,
        5892.2666666666655,
        33788.0
    ]
}