{
    "force": [
        9.403440891485841,
        9.8097424388337,
        10.21482872731611,
        10.619915015798522
    ],
    "mass": [
        4.233846110911922,
        4.688809376516567,
        5.142411834746523,
        5.596014292976478
    ],
    "acceleration": [
        1.746588109866033,
        1.9637216248134106,
        2.0375887139115965,
        2.365932771465189
    ]
}