{
    "force": [
        9.403440891485841,
        9.556563508532193,
        9.708470866713096,
        9.860378224894001,
        10.012285583074906,
        10.16419294125581,
        10.316100299436714,
        10.468007657617617,
        10.619915015798522
    ],
    "mass": [
        4.233846110911922,
        4.405307840122845,
        4.575408761959078,
        4.745509683795312,
        4.915610605631545,
        5.085711527467778,
        5.2558124493040115,
        5.425913371140245,
        5.596014292976478
    ],
    "acceleration": [
        1.746588109866033,
        1.9057334450572496,
        1.9447721580803243,
        1.972049927955612,
        2.001978169070674,
        2.0260251399170874,
        2.065919998948286,
        2.1084328188511883,
        2.365932771465189
    ]
}