{
    "fdene": [
        0.8499957031250001,
        0.8901171875,
        0.9300390625,
        0.9699609375,
        1.0098828125,
        1.0498046875
    ],
    "fimp14": [
        9.99806640625e-06,
        2.8052734375e-05,
        4.6017578125e-05,
        6.3982421875e-05,
        8.1947265625e-05,
        9.9912109375e-05
    ],
    "pseprmax": [
        19.999462890625,
        25.0146484375,
        30.0048828125,
        34.9951171875,
        39.9853515625,
        44.9755859375
    ],
    "feffcd": [
        0.79999140625,
        0.880234375,
        0.9600781250000001,
        1.039921875,
        1.119765625,
        1.199609375
    ],
    "aspect": [
        1.799995703125,
        1.8401171875,
        1.8800390625,
        1.9199609375,
        1.9598828125,
        1.9998046875
    ],
    "boundu2": [
        3.499978515625,
        3.7005859375,
        3.9001953125,
        4.0998046875,
        4.2994140625,
        4.4990234375
    ],
    "outlet_temp": [
        792.9935546875,
        853.17578125,
        913.05859375,
        972.94140625,
        1032.82421875,
        1092.70703125
    ],
    "beta": [
        0.0399965625,
        0.07209374999999998,
        0.10403124999999999,
        0.13596874999999997,
        0.16790624999999998,
        0.19984375
    ],
    "etanbi": [
        0.19999140624999998,
        0.280234375,
        0.360078125,
        0.439921875,
        0.519765625,
        0.599609375
    ],
    "capcost": [
        4550.5,
        4818.3,
        4968.55,
        5102.5,
        5270.5,
        5660.6,
        6603.6,
        9322.775,
        33788.0
    ]
}